healthy,multiple_diseases,rust,scab
0.17487901,0.17487805,0.17487817,0.47536477
0.17548561,0.17503628,0.17511673,0.47436136
0.17524235,0.17497298,0.17502117,0.47476345
0.47130707,0.17551285,0.17555687,0.17762312
0.17498694,0.17490353,0.174906,0.47520357
0.17577906,0.17516346,0.17550512,0.47355232
0.3271385,0.18862088,0.18863162,0.295609
0.20695259,0.18111172,0.18112373,0.43081203
0.23826173,0.18836905,0.20965517,0.36371407
0.18466432,0.17704901,0.17712405,0.46116257
0.47052783,0.17563431,0.17596437,0.17787354
0.2336811,0.18487087,0.18571693,0.39573112
0.17538804,0.17499846,0.17501186,0.4746016
0.17618379,0.17518435,0.17521402,0.47341785
0.1752844,0.1749721,0.17497483,0.47476867
0.4731302,0.1752298,0.17576888,0.17587116
0.32192558,0.18871213,0.18879683,0.30056545
0.18160751,0.17655334,0.17733492,0.4645042
0.25628644,0.18681586,0.18690132,0.36999637
0.3314132,0.18853515,0.18859112,0.29146045
0.17489612,0.17488216,0.1748827,0.47533906
0.3458508,0.18807322,0.18808486,0.27799118
0.18347637,0.17677785,0.1767903,0.46295547
0.18259598,0.17670034,0.17719461,0.46350908
0.17668359,0.1753155,0.17542185,0.4725791
0.22696039,0.18395293,0.18407682,0.40500978
0.17732997,0.175476,0.17564669,0.47154742
0.17493547,0.1748925,0.17489575,0.4752762
0.4413115,0.17980458,0.18033838,0.19854558
0.17489988,0.17488542,0.17489657,0.4753181
0.31538853,0.18928015,0.19381848,0.3015128
0.19089729,0.17863543,0.18031156,0.45015574
0.36837745,0.18724576,0.19179122,0.25258556
0.17487782,0.17487776,0.17487778,0.4753667
0.17502129,0.1749124,0.17491904,0.47514722
0.18293463,0.17666546,0.17668667,0.4637132
0.17659038,0.17527089,0.17527552,0.4728633
0.17778999,0.17558299,0.1757529,0.47087404
0.17569743,0.1750739,0.17510691,0.47412178
0.24060825,0.18544236,0.1854445,0.38850495
0.17626803,0.17521349,0.17528147,0.47323698
0.17934993,0.1759606,0.17628644,0.468403
0.17575036,0.17507996,0.17508663,0.47408307
0.17487772,0.17487772,0.17487772,0.47536686
0.38574445,0.18568946,0.18601912,0.24254693
0.33585754,0.18944739,0.20124018,0.27345487
0.17487778,0.17487775,0.17487776,0.4753667
0.17489547,0.17488231,0.1748844,0.47533792
0.33005372,0.18875292,0.19056983,0.29062358
0.35613975,0.18766358,0.18828511,0.2679116
0.17604308,0.1751457,0.17514683,0.4736644
0.17492597,0.17489322,0.17491214,0.47526866
0.20028263,0.18005578,0.18033823,0.43932337
0.28407535,0.1891696,0.19539729,0.3313578
0.17487815,0.1748778,0.17487781,0.47536618
0.17487787,0.17487775,0.17487776,0.47536665
0.17928925,0.17587908,0.17590475,0.46892697
0.31575617,0.18875907,0.18876812,0.30671665
0.17530122,0.174981,0.17499527,0.47472256
0.1752381,0.17497094,0.17501214,0.47477883
0.17488684,0.17487986,0.17487991,0.47535333
0.21897832,0.18296462,0.18332869,0.41472837
0.21935397,0.1830581,0.18363951,0.41394848
0.17487772,0.17487772,0.17487772,0.47536686
0.19160596,0.17842561,0.17849223,0.45147628
0.17807889,0.17564103,0.17579977,0.47048023
0.18030709,0.17612353,0.17624377,0.4673257
0.17492384,0.17489208,0.1749076,0.47527647
0.17490798,0.1748849,0.17488573,0.47532135
0.2478387,0.18612564,0.18617342,0.37986228
0.19090681,0.17834449,0.17865773,0.45209098
0.21991378,0.1830233,0.1830329,0.41403
0.17490056,0.17488326,0.1748844,0.47533178
0.44875315,0.17880154,0.17894024,0.19350506
0.17804836,0.17580159,0.17669375,0.4694563
0.34851378,0.18839186,0.19329295,0.2698014
0.22332507,0.18347809,0.1835045,0.4096923
0.35544962,0.187644,0.18765846,0.26924795
0.36041206,0.18746415,0.18842934,0.2636944
0.17635952,0.17536448,0.17585067,0.47242537
0.21255198,0.18201004,0.18218693,0.4232511
0.17487772,0.17487772,0.17487772,0.47536686
0.1756475,0.17507656,0.17516345,0.47411245
0.17522788,0.17496713,0.17500444,0.4748006
0.3054223,0.1887523,0.18877244,0.31705293
0.29099384,0.18873994,0.19039673,0.32986948
0.17487837,0.17487791,0.17487806,0.47536573
0.3911452,0.18560062,0.19280249,0.23045173
0.18070108,0.17621352,0.1763533,0.4667321
0.2486936,0.1874337,0.19524601,0.3686267
0.17605989,0.17518248,0.17532648,0.47343114
0.18980795,0.17806354,0.17807154,0.45405686
0.31648365,0.1887791,0.1889007,0.3058366
0.4474412,0.1789893,0.17959478,0.19397476
0.17495176,0.17489617,0.1749019,0.47525018
0.17487773,0.17487775,0.17487773,0.4753668
0.2261047,0.18384112,0.18392473,0.4061295
0.27320182,0.18790494,0.1882691,0.35062414
0.24680482,0.18621674,0.18733631,0.37964216
0.36052448,0.18779764,0.19319916,0.25847873
0.17487986,0.17487942,0.17488466,0.47535604
0.3472975,0.18954833,0.21354212,0.2496121
0.17784451,0.17555271,0.17555389,0.47104892
0.4744107,0.17502858,0.17520344,0.17535724
0.17509858,0.17492892,0.17492995,0.47504258
0.17496285,0.17490552,0.17493762,0.47519398
0.34289393,0.18829738,0.1894558,0.2793529
0.17809176,0.1756676,0.17592958,0.4703111
0.17537369,0.17499514,0.17500858,0.47462267
0.28776553,0.18944572,0.19734317,0.32544553
0.24762166,0.18726487,0.19450508,0.3706084
0.42435288,0.18214354,0.1992774,0.1942262
0.19533971,0.17924649,0.17987335,0.4455405
0.18256575,0.17687838,0.17820975,0.46234617
0.20565975,0.18178885,0.18627517,0.42627633
0.3815712,0.18607678,0.18722534,0.2451267
0.1828564,0.17681345,0.1775505,0.46277973
0.19744651,0.17950927,0.17957228,0.44347194
0.18741551,0.17763375,0.17784305,0.4571077
0.45640653,0.17774838,0.17895646,0.18688859
0.1948819,0.17904973,0.17914814,0.44692028
0.20320612,0.18050142,0.18052971,0.4357628
0.19763894,0.18040915,0.18469653,0.43725538
0.23402986,0.18558645,0.19035596,0.3900277
0.26203305,0.18733263,0.18813564,0.3624987
0.18040113,0.17614478,0.1762591,0.467195
0.3865639,0.18572415,0.18761986,0.24009216
0.23332188,0.1846772,0.18468727,0.39731362
0.17487957,0.17487842,0.17487915,0.47536284
0.17660412,0.1753627,0.17575432,0.4722789
0.1748778,0.17487775,0.17487776,0.4753667
0.17487782,0.17487781,0.17487791,0.4753665
0.45709243,0.17766936,0.18215027,0.18308797
0.17560096,0.1750447,0.17504694,0.4743074
0.39234746,0.18539372,0.19042884,0.23183003
0.17487772,0.1748777,0.17487772,0.4753668
0.17498882,0.17491354,0.17495726,0.47514036
0.1836025,0.1768018,0.17680284,0.46279284
0.19158727,0.1784227,0.17849435,0.45149562
0.41440967,0.18332756,0.19493492,0.20732792
0.17566667,0.17511785,0.17537035,0.47384515
0.227346,0.18408331,0.18463212,0.40393847
0.37291786,0.18673414,0.18831709,0.25203094
0.17487781,0.17487775,0.17487784,0.47536665
0.17502122,0.17491305,0.17492092,0.47514483
0.17552377,0.17506388,0.17522629,0.47418603
0.22215052,0.18337123,0.18362921,0.410849
0.2144435,0.18290424,0.18627821,0.41637406
0.17488603,0.1748801,0.17488195,0.47535193
0.23779173,0.1854161,0.1868816,0.38991058
0.17550054,0.17503583,0.17508784,0.47437578
0.37707517,0.18643345,0.18794331,0.2485481
0.2296857,0.18491903,0.1885952,0.3968001
0.17880471,0.17577076,0.1757907,0.46963385
0.18015681,0.17637622,0.17777053,0.46569645
0.17955792,0.17594925,0.17602341,0.46846944
0.31244475,0.1896325,0.19706836,0.30085436
0.17512818,0.17496414,0.17508823,0.4748195
0.37496188,0.18654434,0.18748043,0.25101337
0.43343163,0.18086971,0.18375586,0.20194274
0.17641754,0.17528017,0.17549047,0.4728118
0.19361931,0.17949383,0.18277307,0.4441138
0.30614147,0.18875813,0.18878633,0.3163141
0.18029313,0.17625782,0.17698856,0.46646053
0.3412509,0.18840821,0.19010495,0.28023595
0.17487772,0.17487772,0.17487772,0.47536686
0.21893641,0.18306297,0.18396628,0.41403437
0.331733,0.18882132,0.19173671,0.2877089
0.17488159,0.17488036,0.17488778,0.47535032
0.20564532,0.1809089,0.18095995,0.43248585
0.17507133,0.1749243,0.17493014,0.47507423
0.19238232,0.17879567,0.17989643,0.4489256
0.1749384,0.17489709,0.1749201,0.47524443
0.28263748,0.18829481,0.18856323,0.3405045
0.17585893,0.17511085,0.1751438,0.4738865
0.17596595,0.17513043,0.17514145,0.4737621
0.1881896,0.17816868,0.18011148,0.45353016
0.17834152,0.1756708,0.17570159,0.470286
0.17551573,0.17502691,0.17503555,0.47442177
0.3658305,0.18727194,0.18984085,0.25705668
0.1792149,0.1758644,0.17589752,0.46902317
0.17489092,0.17488119,0.17488268,0.47534516
0.17549692,0.17502806,0.17506172,0.47441328
0.2248438,0.18366867,0.18368128,0.40780628
0.3589436,0.18881646,0.21365803,0.23858188
0.1748851,0.17488213,0.17489366,0.47533906
0.44840202,0.1788764,0.18054631,0.19217524
0.17652526,0.17530973,0.17554066,0.4726243
0.19317922,0.17953095,0.18344916,0.44384065
0.26688746,0.18751325,0.18755119,0.3580481
0.18578288,0.1772668,0.17732048,0.4596298
0.17487985,0.17487822,0.17487833,0.47536358
0.24653056,0.18608868,0.18659624,0.38078454
0.35591394,0.18769851,0.18859884,0.26778877
0.18722187,0.17782533,0.17909892,0.45585394
0.17488867,0.17488034,0.17488073,0.47535023
0.17492865,0.17489016,0.1748932,0.47528794
0.45963868,0.17728528,0.17980404,0.183272
0.17488158,0.1748799,0.1748842,0.47535437
0.17592928,0.17529093,0.17603968,0.47274017
0.34098077,0.18884741,0.19526084,0.27491102
0.17487957,0.17487818,0.17487837,0.47536385
0.1748779,0.1748779,0.17487848,0.47536573
0.33688155,0.18872017,0.19215082,0.28224745
0.17493784,0.17489205,0.17489393,0.4752762
0.18055177,0.17615238,0.17616512,0.4671307
0.1748788,0.174878,0.1748781,0.4753651
0.43833306,0.18021275,0.18161726,0.19983697
0.4673614,0.17611797,0.17621832,0.18030235
0.17487808,0.17487808,0.17487928,0.4753646
0.17487772,0.17487772,0.17487772,0.47536686
0.17931382,0.17588153,0.17589387,0.4689107
0.17877533,0.17596705,0.17679791,0.46845967
0.17487839,0.17487799,0.1748784,0.47536525
0.46103522,0.17707339,0.1784973,0.18339404
0.17487773,0.1748777,0.17487772,0.4753668
0.17487828,0.17487784,0.17487788,0.475366
0.17488107,0.17487854,0.17487882,0.47536153
0.18846919,0.17807345,0.17932022,0.4541372
0.3006251,0.18881978,0.1897333,0.32082182
0.17487983,0.17487893,0.17488204,0.47535926
0.1748777,0.1748777,0.17487772,0.4753668
0.2917215,0.1890432,0.19288298,0.32635233
0.36938393,0.18706109,0.18989496,0.25366005
0.21555889,0.18321486,0.18741433,0.41381195
0.2712012,0.18785502,0.18856461,0.35237923
0.17488971,0.17488062,0.17488125,0.47534838
0.17491892,0.17488867,0.17489481,0.47529766
0.47158888,0.17546928,0.17553377,0.1774081
0.22528538,0.18410209,0.18614675,0.40446582
0.22204581,0.18336771,0.18368872,0.4108978
0.17582764,0.17509918,0.17511195,0.47396126
0.36996257,0.1870318,0.1899944,0.25301126
0.24140368,0.18567914,0.18658634,0.38633084
0.17778422,0.17554414,0.17556705,0.47110453
0.19525926,0.17942399,0.18096419,0.44435263
0.2259956,0.18443204,0.18780409,0.40176827
0.17554644,0.17514527,0.17563976,0.47366852
0.17488167,0.17487901,0.17487988,0.4753595
0.43520135,0.18057093,0.18057324,0.20365447
0.27146706,0.18784472,0.18839398,0.35229418
0.19648768,0.1793335,0.17938398,0.44479483
0.1804092,0.17639865,0.17764728,0.4655449
0.39290375,0.18526968,0.18881282,0.23301372
0.42453098,0.1820573,0.18920119,0.20421048
0.18224399,0.17745915,0.18180421,0.4584927
0.17515023,0.17494658,0.17497252,0.4749306
0.17487772,0.17487772,0.17487772,0.47536686
0.20205243,0.18036756,0.18068953,0.4368905
0.1882363,0.17775318,0.1777637,0.45624688
0.17490694,0.17490053,0.17496355,0.47522894
0.24894252,0.1862193,0.18625511,0.37858307
0.36812124,0.18699601,0.18784629,0.25703654
0.17487863,0.17487817,0.17487925,0.4753639
0.17651223,0.17525327,0.1752583,0.47297624
0.18101999,0.1762962,0.17649667,0.4661871
0.17487837,0.17487788,0.17487799,0.4753658
0.17487772,0.17487772,0.17487772,0.47536686
0.17488122,0.17487851,0.17487855,0.47536165
0.18783282,0.17818886,0.1805891,0.45338926
0.39374936,0.1850446,0.18587038,0.23533574
0.4236197,0.18208124,0.18548048,0.20881858
0.17745078,0.17547378,0.17551579,0.4715596
0.1748783,0.1748779,0.17487806,0.47536573
0.27736512,0.18806112,0.188176,0.34639776
0.17673546,0.17534797,0.17554516,0.47237143
0.17552444,0.17502673,0.17502713,0.47442177
0.4753343,0.17488286,0.17489351,0.17488931
0.1748894,0.17488055,0.17488106,0.47534892
0.19147086,0.1783975,0.17845596,0.45167565
0.17487773,0.17487773,0.17487778,0.4753668
0.26243627,0.18797974,0.19288807,0.35669586
0.1751123,0.17493647,0.17495656,0.4749946
0.45720112,0.17761841,0.17775214,0.18742833
0.4544785,0.17804816,0.18389714,0.18357618
0.17495325,0.17489636,0.1749015,0.4752489
0.1751285,0.17494775,0.17500049,0.47492328
0.2032589,0.18054917,0.18076587,0.4354261
0.17610748,0.17516032,0.17516173,0.4735705
0.17671518,0.1752997,0.1753067,0.47267836
0.17498125,0.17490424,0.17491539,0.47519922
0.23174691,0.18479955,0.18646201,0.39699155
0.17487773,0.1748777,0.17487772,0.4753668
0.17488097,0.17487895,0.17488101,0.47535905
0.17487772,0.17487772,0.17487772,0.47536686
0.17501774,0.17493308,0.17503266,0.47501644
0.2619301,0.18727338,0.18772799,0.36306852
0.3559947,0.18773952,0.18915965,0.2671061
0.17569721,0.17507873,0.17513248,0.47409165
0.17488365,0.17487957,0.17488164,0.47535512
0.21372716,0.18216243,0.1822308,0.42187962
0.2905605,0.1885056,0.18851414,0.3324197
0.20127735,0.18027492,0.18078358,0.43766415
0.26546058,0.1875326,0.18823996,0.35876694
0.27223,0.18827811,0.19149867,0.34799325
0.32288533,0.18886837,0.1904668,0.29777947
0.2892218,0.18877164,0.19100122,0.3310053
0.17487772,0.1748777,0.1748777,0.4753668
0.17491741,0.17488751,0.17489018,0.47530493
0.20477924,0.18162228,0.18597327,0.4276252
0.21267927,0.18238851,0.18439272,0.42053953
0.2132295,0.18213826,0.18245476,0.42217752
0.17487782,0.17487773,0.17487778,0.4753666
0.18143168,0.17634721,0.17637981,0.46584132
0.1758801,0.17512356,0.1751863,0.47381005
0.17898853,0.17583102,0.17593728,0.46924308
0.175976,0.17515892,0.17528422,0.4735808
0.17487791,0.17487778,0.17487785,0.4753665
0.17609723,0.17516214,0.17517437,0.47356626
0.183657,0.17687088,0.17713031,0.46234182
0.19159006,0.17891604,0.18130371,0.44819024
0.32792366,0.18965004,0.20070024,0.28172606
0.1748914,0.1748809,0.17488106,0.47534665
0.17501958,0.174914,0.17492929,0.47513708
0.21411185,0.18238094,0.18327446,0.4202328
0.24346069,0.18585834,0.18665946,0.38402146
0.17487772,0.17487772,0.17487772,0.47536686
0.18036589,0.17612353,0.1761799,0.46733072
0.1972257,0.17963204,0.18046652,0.44267574
0.17487909,0.1748781,0.17487843,0.47536445
0.29003856,0.18849842,0.1885545,0.33290854
0.17771219,0.17553158,0.17556995,0.47118625
0.17515208,0.17494285,0.17494555,0.4749595
0.3988857,0.18515368,0.20935383,0.20660685
0.1748777,0.1748777,0.17487773,0.4753668
0.17489313,0.17488293,0.17489004,0.47533396
0.18223631,0.17665355,0.1772809,0.46382925
0.17711434,0.17539094,0.17540218,0.4720925
0.18166772,0.17658202,0.17743689,0.4643134
0.17777072,0.17554884,0.17560369,0.47107682
0.19252142,0.17858657,0.17859057,0.45030135
0.19610402,0.18034956,0.18571441,0.437832
0.29704848,0.18873653,0.18941769,0.3247973
0.1755527,0.1751196,0.17549583,0.47383177
0.17508332,0.17492673,0.17493351,0.47505635
0.41815287,0.1826987,0.18587978,0.2132687
0.1960768,0.17924999,0.17925934,0.44541395
0.34862918,0.18797523,0.18816,0.27523556
0.33679515,0.18846463,0.18923779,0.2855025
0.17501251,0.17491099,0.17491987,0.4751567
0.17487772,0.17487772,0.17487772,0.47536686
0.4250974,0.18181087,0.18237732,0.21071436
0.25567383,0.18704619,0.18880235,0.36847767
0.17933926,0.17593697,0.17616795,0.4685558
0.1994591,0.18036892,0.18286943,0.43730262
0.17696641,0.17579566,0.1777457,0.46949217
0.2303645,0.18526919,0.19053617,0.39383018
0.24079934,0.18547432,0.18551962,0.38820675
0.3078073,0.18898118,0.19076085,0.31245062
0.22403418,0.18371144,0.18449427,0.40776014
0.17495649,0.17489766,0.17490523,0.47524062
0.19091041,0.17827669,0.17827709,0.45253578
0.2680571,0.18892549,0.19846475,0.3445526
0.17760667,0.17554726,0.17575787,0.47108823
0.17487793,0.17487782,0.17487814,0.47536606
0.17487772,0.17487772,0.17487772,0.47536686
0.17880388,0.17584412,0.17613113,0.46922094
0.44034138,0.17993054,0.18045585,0.1992722
0.17563559,0.1750587,0.17508715,0.47421858
0.17493941,0.17489272,0.17489591,0.475272
0.17489867,0.17488307,0.1748853,0.47533292
0.40307468,0.18429072,0.18743417,0.22520047
0.17850223,0.17570531,0.17573051,0.470062
0.2245437,0.1840979,0.18660872,0.40474963
0.17561486,0.17504773,0.1750493,0.47428814
0.17536624,0.17506662,0.17537096,0.47419617
0.20332588,0.1805599,0.18076773,0.43534648
0.18125956,0.17670389,0.17850626,0.4635303
0.2207398,0.18314059,0.18318024,0.41293937
0.17487857,0.17487803,0.17487857,0.47536486
0.2702549,0.18771008,0.18779048,0.35424456
0.31510702,0.18903506,0.1913873,0.3044706
0.17490593,0.17488462,0.17488636,0.4753231
0.19447093,0.17896529,0.17899893,0.4475649
0.45959914,0.17729536,0.18187952,0.18122597
0.1750561,0.17491926,0.17492077,0.47510383
0.18040341,0.17622392,0.17668216,0.46669057
0.3101268,0.18877257,0.1887966,0.31230402
0.22801551,0.18410203,0.18431099,0.4035715
0.17495295,0.17490229,0.17493331,0.47521144
0.17487772,0.17487772,0.17487772,0.47536686
0.41025913,0.18349954,0.18525945,0.22098185
0.18984841,0.178461,0.18027815,0.45141238
0.3285243,0.18881492,0.19090325,0.29175755
0.18843393,0.17791653,0.17849296,0.45515665
0.17487834,0.1748779,0.17487797,0.47536585
0.31264594,0.18905367,0.19146608,0.30683434
0.17536798,0.17499314,0.17500369,0.47463512
0.17510356,0.17493263,0.17494468,0.47501907
0.17487772,0.17487772,0.17487772,0.47536686
0.23918353,0.18531168,0.18538056,0.3901242
0.259676,0.1874316,0.18986969,0.36302277
0.1748777,0.1748777,0.17487772,0.4753668
0.17493205,0.17489079,0.17489243,0.4752848
0.4686702,0.1759209,0.17656392,0.178845
0.17501315,0.17491004,0.17491451,0.47516224
0.178963,0.1758119,0.17585869,0.4693665
0.21077159,0.18170719,0.18171054,0.42581066
0.17591448,0.17511767,0.17512304,0.47384474
0.17537206,0.17501433,0.17511244,0.4745011
0.17493151,0.1748941,0.17491113,0.4752633
0.17998819,0.17614903,0.17669106,0.4671717
0.19135965,0.1783947,0.17853856,0.4517071
0.1775913,0.17550354,0.17553791,0.47136724
0.17487772,0.17487772,0.17487772,0.47536686
0.17488037,0.17487866,0.17488004,0.475361
0.17487772,0.17487772,0.17487772,0.47536686
0.18120383,0.17629516,0.17631458,0.46618643
0.17487787,0.17487776,0.17487784,0.4753665
0.17491034,0.17488624,0.17489052,0.4753129
0.17487918,0.17487806,0.17487809,0.4753647
0.46818656,0.17599317,0.1762254,0.17959487
0.17771721,0.17586108,0.17734897,0.46907273
0.4221063,0.18243422,0.18774725,0.20771228
0.185232,0.17714828,0.17717801,0.46044177
0.18269259,0.17694601,0.17846383,0.46189752
0.3675816,0.18703614,0.1879674,0.25741485
0.2180454,0.18367748,0.18848935,0.40978777
0.17605755,0.17514974,0.17515469,0.47363797
0.17491062,0.17488578,0.1748877,0.4753159
0.17589779,0.17515081,0.17531897,0.47363248
0.17537725,0.17499378,0.17499788,0.4746311
0.17561932,0.17505486,0.17508295,0.47424293
0.1748793,0.1748789,0.17488237,0.4753595
0.17497735,0.17490397,0.1749179,0.47520077
0.20854494,0.181412,0.18165791,0.42838514
0.3890378,0.18540226,0.18547031,0.24008964
0.19838831,0.17977439,0.18029812,0.44153923
0.22499512,0.18389182,0.18499012,0.4061229
0.24032353,0.18541786,0.1854419,0.3888167
0.17490739,0.17489126,0.17491944,0.4752818
0.18892342,0.1829512,0.20865503,0.41947037
0.20520893,0.18089232,0.18121053,0.43268827
0.184899,0.17707393,0.17708187,0.4609452
0.1770504,0.17537428,0.17537586,0.47219944
0.25362998,0.18660603,0.18665007,0.3731139
0.4185338,0.18268993,0.18692961,0.21184665
0.18363766,0.17696427,0.17765164,0.46174642
0.43723232,0.18041156,0.18468355,0.19767256
0.17517345,0.17495961,0.17501801,0.474849
0.24948877,0.1863918,0.18717296,0.3769465
0.19936948,0.1798661,0.17999007,0.44077438
0.18616278,0.17745993,0.17803867,0.4583386
0.17487772,0.17487772,0.17487772,0.47536686
0.17950198,0.17594315,0.1760448,0.46851006
0.28555533,0.18859299,0.19027503,0.33557665
0.17488182,0.1748788,0.17487946,0.4753598
0.43756753,0.18033496,0.18284336,0.19925413
0.25698102,0.18685342,0.18685512,0.3693104
0.17518555,0.17496626,0.17504206,0.47480607
0.35993445,0.18746322,0.18809132,0.26451102
0.17808492,0.17564788,0.17583096,0.47043622
0.42282534,0.18229668,0.19144842,0.20342955
0.23252437,0.18460308,0.18470205,0.39817047
0.17492929,0.17489952,0.17494115,0.47523007
0.21575218,0.18264118,0.18365984,0.41794685
0.21661094,0.18307668,0.18569891,0.41461352
0.18199117,0.17647085,0.17651229,0.4650257
0.19300653,0.17950027,0.18343185,0.44406134
0.1750398,0.17494325,0.17506292,0.47495404
0.17837484,0.17574006,0.17604463,0.46984044
0.17556123,0.1750974,0.17536688,0.4739745
0.18446201,0.17721145,0.1782519,0.4600747
0.17495319,0.17489755,0.17489964,0.4752497
0.44350922,0.17950678,0.1796748,0.19730912
0.17492981,0.17488985,0.17489019,0.4752902
0.17555101,0.17503802,0.17506075,0.4743503
0.17487772,0.17487772,0.17487772,0.47536686
0.1748777,0.1748777,0.17487772,0.4753668
0.18127747,0.1763453,0.17651376,0.46586344
0.28766018,0.18887527,0.19220464,0.3312599
0.2672726,0.18764336,0.18837371,0.35671034
0.17552018,0.17502804,0.17503823,0.4744136
0.2912254,0.18862842,0.18941194,0.3307342
0.17562735,0.17505027,0.17505047,0.4742719
0.17518236,0.17494869,0.17495166,0.47491732
0.2656706,0.18743773,0.18744987,0.3594418
0.19939862,0.17984323,0.17984724,0.44091088
0.1858062,0.17726287,0.17727794,0.45965302
0.4096092,0.18384258,0.19391996,0.21262819
0.17487828,0.17487827,0.17488001,0.47536346
0.174879,0.17487821,0.17487909,0.4753637
0.17487772,0.17487772,0.17487772,0.47536686
0.47248068,0.1753325,0.17626403,0.17592284
0.28769207,0.18843022,0.18847291,0.33540472
0.17495476,0.17489628,0.17489955,0.4752495
0.17488115,0.17487854,0.17487872,0.4753616
0.17585643,0.17510588,0.17511904,0.47391868
0.17621756,0.17519861,0.17525427,0.47332945
0.24132197,0.18551348,0.18551925,0.3876453
0.18788719,0.1778514,0.17863064,0.45563072
0.18296956,0.17668737,0.17676258,0.4635804
0.17505355,0.17496498,0.1751674,0.47481403
0.33606604,0.18878421,0.19262156,0.2825282
0.2812707,0.18820544,0.18820927,0.34231457
0.18659003,0.17743263,0.1774847,0.45849264
0.41896978,0.1826361,0.18665552,0.21173857
0.17487991,0.17487925,0.17488371,0.47535712
0.25417638,0.18664181,0.18664503,0.37253675
0.23155855,0.1852868,0.18987104,0.3932836
0.17487785,0.17487782,0.17487814,0.47536623
0.37985402,0.18626869,0.18839708,0.24548018
0.17487863,0.17487793,0.17487797,0.4753654
0.46131605,0.17703266,0.17852801,0.18312334
0.44763547,0.17901361,0.19012961,0.1832213
0.36855733,0.1873349,0.1934258,0.25068197
0.18291675,0.1766595,0.17667091,0.4637529
0.45303804,0.17825517,0.18312566,0.18558115
0.24927956,0.18624286,0.18624763,0.37822998
0.27456674,0.18792208,0.1879634,0.34954777
0.17527513,0.17500736,0.17517193,0.47454566
0.17488009,0.17487836,0.17487873,0.47536284
0.4437466,0.1795591,0.18500817,0.19168615
0.43012962,0.1812837,0.18432644,0.20426019
0.3327492,0.18849878,0.1885199,0.29023215
0.28518614,0.18834537,0.18834642,0.33812204
0.19665173,0.17935638,0.17937465,0.4446172
0.17487772,0.1748777,0.17487772,0.4753668
0.21871927,0.183232,0.18518402,0.41286477
0.17491645,0.17488846,0.17489631,0.47529876
0.1748777,0.1748777,0.17487773,0.4753668
0.18128796,0.1763234,0.17638786,0.46600085
0.1812824,0.17631115,0.1763266,0.46607986
0.4305439,0.18128446,0.18658282,0.20158881
0.19409662,0.17929305,0.18121766,0.44539264
0.18235704,0.17655234,0.17661613,0.4644745
0.3509703,0.18831682,0.19374433,0.26696858
0.17495461,0.17489764,0.17490709,0.47524068
0.20218189,0.18117593,0.18539537,0.43124682
0.17489782,0.17488332,0.1748874,0.47533143
0.19020674,0.17814548,0.17816356,0.4534842
0.17487787,0.17487778,0.17487793,0.47536644
0.45127603,0.17851079,0.18513075,0.18508248
0.17487778,0.17487782,0.17487782,0.4753666
0.19232747,0.17855576,0.1785856,0.45053115
0.30952024,0.1888403,0.1894231,0.31221637
0.17846188,0.17576484,0.17609215,0.46968117
0.17496616,0.17490883,0.17495398,0.47517106
0.17648157,0.17524959,0.17526887,0.47299996
0.18016204,0.17613433,0.17643861,0.46726498
0.42886877,0.181427,0.1840578,0.20564644
0.17488705,0.1748799,0.17487998,0.47535306
0.4468306,0.17912863,0.18375789,0.19028294
0.17544937,0.1750643,0.17530277,0.47418353
0.19226548,0.1786568,0.1791996,0.44987816
0.17508021,0.17492566,0.17493093,0.47506315
0.17495675,0.17490448,0.1749413,0.47519737
0.17498316,0.17490259,0.17490485,0.47520933
0.18667062,0.17780595,0.17950274,0.45602077
0.30957502,0.18925804,0.1934145,0.30775243
0.21485102,0.18241705,0.18293756,0.41979435
0.17487974,0.1748786,0.17488016,0.47536147
0.1749163,0.17488669,0.17488702,0.47530997
0.17487772,0.17487772,0.17487772,0.47536686
0.2728863,0.18924463,0.19955544,0.33831358
0.17642955,0.17524992,0.17532223,0.47299826
0.41033918,0.183545,0.18659231,0.21952349
0.17532767,0.17498492,0.175,0.47468734
0.17562242,0.1751247,0.17545281,0.4738001
0.17487772,0.17487772,0.17487772,0.47536686
0.1981324,0.17965607,0.17983367,0.4423778
0.17523955,0.17498942,0.17511202,0.47465903
0.17733742,0.17546232,0.17556477,0.4716355
0.20469196,0.18188573,0.18769844,0.42572388
0.1816869,0.17681122,0.17868543,0.46281648
0.31603822,0.18879715,0.18914154,0.30602312
0.18421915,0.17717148,0.17825781,0.46035156
0.17487772,0.17487772,0.17487772,0.47536686
0.41901156,0.18255202,0.18433808,0.21409829
0.42785278,0.18162328,0.18730351,0.20322037
0.18507001,0.17719297,0.17757486,0.46016222
0.19423594,0.17894137,0.17909254,0.44773018
0.24241027,0.18599944,0.18820761,0.38338277
0.18122797,0.17637183,0.17670889,0.46569133
0.19490829,0.17920904,0.18003517,0.44584754
0.17541273,0.17500517,0.17502329,0.4745588
0.17489234,0.17488126,0.17488205,0.4753443
0.36146554,0.18757531,0.19067314,0.260286
0.17501232,0.17492256,0.17498173,0.47508344
0.17495549,0.17492275,0.17502283,0.47509888
0.24886003,0.18627585,0.18668675,0.37817731
0.35369825,0.18831138,0.19548236,0.26250798
0.30282626,0.18947302,0.19569582,0.31200492
0.466381,0.1762702,0.17690274,0.18044601
0.47320858,0.17521776,0.17560562,0.17596811
0.18198313,0.17647398,0.17654443,0.4649984
0.17905088,0.17599936,0.17676035,0.4681894
0.17525099,0.1749954,0.17511995,0.4746336
0.1748872,0.1748831,0.17489667,0.4753331
0.35044742,0.18806174,0.19008228,0.27140853
0.18834953,0.17781386,0.17799826,0.4558383
0.17522345,0.17497106,0.17502868,0.47477674
0.39202276,0.18514489,0.18514548,0.23768686
0.44062582,0.1799016,0.18076536,0.19870715
0.17515203,0.17497703,0.1751332,0.47473773
0.17571904,0.17507811,0.1751075,0.47409534
0.1767895,0.17531516,0.1753158,0.47257957
0.17555316,0.1750532,0.1751393,0.47425434
0.378289,0.18653573,0.19103622,0.24413902
0.17675462,0.17533703,0.17546766,0.4724407
0.17701618,0.1754572,0.1758551,0.47167152
0.1751179,0.17493483,0.17494208,0.47500527
0.21788071,0.18291955,0.18383291,0.41536677
0.27305236,0.18784219,0.187844,0.3512615
0.17487787,0.17487788,0.17487827,0.47536594
0.17488728,0.17487998,0.17488009,0.4753527
0.17717771,0.17542475,0.17552115,0.47187644
0.27979872,0.18830115,0.18935254,0.3425476
0.17513809,0.17494324,0.17496681,0.47495183
0.17488904,0.17488073,0.17488252,0.4753477
0.17487773,0.17487773,0.17487776,0.4753668
0.39478946,0.18512526,0.1892104,0.2308749
0.17499585,0.17493047,0.17503875,0.47503495
0.2362547,0.1850807,0.18555668,0.3931079
0.2703576,0.18798658,0.18987054,0.35178533
0.23861039,0.18529786,0.18562065,0.39047104
0.19512475,0.17908631,0.17914218,0.4466468
0.1748777,0.1748777,0.17487772,0.4753668
0.30428746,0.18911155,0.19211069,0.31449032
0.3582714,0.1875547,0.1882111,0.2659628
0.18767896,0.17776628,0.17834586,0.4562089
0.17496593,0.1749292,0.17506388,0.4750411
0.18828897,0.17782223,0.17808366,0.45580515
0.17792976,0.17557207,0.17557414,0.47092396
0.17507046,0.17498502,0.17525756,0.47468695
0.17488301,0.17487982,0.17488359,0.47535363
0.17494081,0.17489551,0.17490949,0.47525424
0.17487876,0.17487796,0.17487802,0.4753653
0.19682923,0.17942724,0.17961895,0.44412458
0.42853716,0.18157339,0.18926051,0.200629
0.40401933,0.18408287,0.18483858,0.22705917
0.17936257,0.1759126,0.1760143,0.46871054
0.17487806,0.17487784,0.17487802,0.47536618
0.33560714,0.18847911,0.18905047,0.28686327
0.17496847,0.1748988,0.1748993,0.47523347
0.2532241,0.18683882,0.1884946,0.37144253
0.18784757,0.17818823,0.18056726,0.453397
0.1748856,0.17488202,0.17489244,0.4753399
0.4688101,0.17589954,0.17871283,0.17657754
0.17536637,0.17505735,0.1753484,0.47422782
0.38409773,0.18614009,0.19181868,0.23794344
0.43284732,0.18090098,0.18214424,0.20410748
0.17487772,0.17487772,0.17487772,0.47536686
0.17539458,0.17499809,0.17500076,0.47460666
0.18409713,0.17691693,0.17696859,0.46201736
0.17554128,0.17513132,0.1755677,0.47375974
0.35202375,0.18823352,0.19326025,0.2664824
0.17716381,0.17549145,0.1758935,0.47145128
0.4746292,0.17499408,0.17502789,0.17534877
0.37206948,0.18667369,0.18668494,0.25457186
0.18839598,0.17826144,0.1804796,0.452863
0.17487772,0.17487772,0.17487772,0.47536686
0.23267817,0.18464445,0.18486279,0.3978146
0.20043057,0.18003763,0.18011062,0.4394212
0.17487772,0.17487772,0.17487772,0.47536686
0.17488533,0.17488194,0.17489251,0.4753403
0.34969214,0.18826121,0.19220543,0.26984125
0.17490436,0.17488416,0.17488545,0.47532597
0.44373775,0.17951019,0.18127492,0.19547711
0.3330478,0.1886837,0.19055904,0.28770947
0.18095724,0.17624678,0.1762878,0.46650815
0.40963125,0.18387455,0.19549526,0.21099891
0.17507249,0.17492674,0.17494424,0.4750566
0.1751468,0.17497785,0.175143,0.4747323
0.17489003,0.17488067,0.17488115,0.47534817
0.218476,0.18305863,0.18426599,0.41419938
0.36836585,0.18741922,0.19468403,0.24953093
0.46021765,0.17719756,0.17919073,0.18339412
0.46239296,0.17687783,0.18051766,0.18021154
0.32868955,0.18879111,0.19067515,0.29184422
0.17487852,0.17487824,0.17487979,0.47536343
0.17488594,0.17488332,0.17489913,0.47533157
0.3952525,0.18489544,0.18546858,0.23438355
0.4006393,0.18471205,0.19233966,0.22230904
0.17487945,0.17487942,0.17488514,0.47535592
0.47389683,0.17510943,0.17536719,0.17562658
0.27804646,0.18809888,0.18826908,0.3455856
0.19895425,0.17977543,0.17982876,0.44144157
0.17487921,0.17487817,0.17487857,0.47536406
0.17677097,0.17531742,0.17534643,0.47256514
0.17488,0.17487828,0.17487842,0.4753633
0.17490906,0.17490104,0.17496943,0.47522053
0.17956913,0.17594172,0.17597188,0.46851733
0.40823752,0.18367335,0.18467782,0.22341132
0.17489783,0.17488445,0.17489338,0.47532424
0.18773371,0.17773484,0.17811975,0.45641175
0.17493294,0.17489178,0.17489749,0.47527778
0.4088407,0.18372038,0.18717209,0.22026686
0.19521764,0.1791806,0.17960155,0.4460002
0.27599502,0.18825793,0.19011882,0.34562826
0.17503415,0.17495663,0.17514226,0.474867
0.42804983,0.1815404,0.18462639,0.2057834
0.26872092,0.1880946,0.19130556,0.3518789
0.3367915,0.18886818,0.19384289,0.2804975
0.21758828,0.1827183,0.18280244,0.41689104
0.17487772,0.1748777,0.17487772,0.4753668
0.37774163,0.18633862,0.18718024,0.24873947
0.1960404,0.17932424,0.17971428,0.44492105
0.1851506,0.17727515,0.1778754,0.4596989
0.17490612,0.17488444,0.17488515,0.4753243
0.20243585,0.18053131,0.18122932,0.43580344
0.29385132,0.18871678,0.18971276,0.32771912
0.17789173,0.17563511,0.17594925,0.47052392
0.21167889,0.18194138,0.18242979,0.42394996
0.17501086,0.17491251,0.17492998,0.47514668
0.41194803,0.18331501,0.18491624,0.21982066
0.20192337,0.18044636,0.18125127,0.43637896
0.17609513,0.1751733,0.1752128,0.4735188
0.17556132,0.17508347,0.17529301,0.47406223
0.17557654,0.17504007,0.17504634,0.47433698
0.18878512,0.17853364,0.18167853,0.45100275
0.17786904,0.17558739,0.17571625,0.4708273
0.1808476,0.17621395,0.1762151,0.4667233
0.18495594,0.1771,0.1771666,0.4607775
0.17490311,0.17488638,0.17489673,0.4753138
0.17966397,0.17596187,0.17598936,0.4683848
0.1748777,0.1748777,0.17487773,0.4753668
0.19047101,0.17820527,0.17826931,0.45305443
0.41672245,0.18290406,0.18748023,0.21289325
0.3373203,0.19048104,0.22897485,0.24322385
0.20381244,0.18099637,0.18295921,0.432232
0.45377162,0.17814937,0.18300758,0.18507144
0.17488992,0.17488097,0.17488284,0.47534624
0.34094307,0.1882584,0.18831177,0.28248683
0.17488289,0.17487982,0.17488348,0.47535378
0.1748777,0.1748777,0.17487773,0.4753668
0.17487882,0.1748781,0.1748787,0.4753644
0.1748779,0.17487781,0.17487796,0.47536638
0.19082716,0.17879197,0.1812827,0.4490982
0.4017216,0.18441382,0.18734296,0.22652163
0.17567071,0.17512102,0.17538555,0.47382274
0.17934197,0.17598352,0.176419,0.4682556
0.17491391,0.17489234,0.17491932,0.47527447
0.18232618,0.17656977,0.17674014,0.46436387
0.17757328,0.1754945,0.17550461,0.47142765
0.17487873,0.17487833,0.17487997,0.47536293
0.17487814,0.17487782,0.17487793,0.47536606
0.42260006,0.18212634,0.1834216,0.21185197
0.4470361,0.1790432,0.17959657,0.19432417
0.22116275,0.18318978,0.18319397,0.4124535
0.1760669,0.17519449,0.1753849,0.47335365
0.17543526,0.17501912,0.17507479,0.4744709
0.2479839,0.18742849,0.19559722,0.36899042
0.28676224,0.18841794,0.18857375,0.336246
0.1770395,0.1754536,0.17581138,0.47169554
0.4688924,0.1758871,0.17858168,0.17663884
0.18243936,0.17718352,0.18003306,0.46034414
0.47105804,0.1755522,0.17580426,0.1775855
0.17498021,0.17490439,0.17491546,0.47519985
0.34487027,0.18829025,0.19019462,0.2766448
0.17488289,0.174879,0.17487942,0.47535872
0.24065056,0.18555866,0.18619834,0.38759246
0.26547927,0.18742561,0.18744157,0.35965356
0.17487797,0.17487796,0.17487879,0.4753653
0.4537317,0.17811775,0.17867434,0.18947624
0.4083767,0.1836206,0.18382643,0.22417626
0.3318197,0.18852378,0.18856536,0.2910911
0.1748777,0.1748777,0.17487772,0.4753668
0.23416902,0.18560077,0.19036642,0.3898638
0.17492475,0.17489527,0.17492361,0.4752563
0.46361136,0.17668344,0.17704022,0.1826649
0.17489769,0.17488664,0.17490537,0.47531024
0.17498207,0.1749061,0.17492464,0.47518715
0.45586467,0.17783955,0.18097804,0.18531777
0.44360718,0.17958818,0.19032742,0.1864772
0.17487772,0.17487772,0.17487772,0.47536686
0.33055407,0.18870997,0.19023316,0.29050282
0.3049749,0.18883038,0.18949535,0.31669936
0.1761685,0.17519127,0.17526615,0.47337413
0.31782302,0.18921034,0.19339104,0.29957563
0.32835305,0.19043942,0.2139006,0.26730695
0.20528254,0.18084124,0.18085155,0.4330247
0.17593536,0.17519557,0.17552139,0.4733477
0.17554383,0.17509764,0.17538702,0.4739715
0.1847136,0.1771494,0.1776699,0.4604671
0.17487794,0.17487784,0.174878,0.47536626
0.39286932,0.18613459,0.19625312,0.22474298
0.32850814,0.1885938,0.18860175,0.29429635
0.21609922,0.18250568,0.18257579,0.41881925
0.22484009,0.18372975,0.1840199,0.4074103
0.17487775,0.17487773,0.17487773,0.4753668
0.46102798,0.17706506,0.17737384,0.18453313
0.2104044,0.18172121,0.18207502,0.42579934
0.3732683,0.18659265,0.18659964,0.25353935
0.29536557,0.18890479,0.19108474,0.32464492
0.47108868,0.17554843,0.17599139,0.17737158
0.18401645,0.17730874,0.17921913,0.4594557
0.1756535,0.1750582,0.1750657,0.47422266
0.35384634,0.18772207,0.18773192,0.27069965
0.17489843,0.17488354,0.17488806,0.47532997
0.1914986,0.17844717,0.17870906,0.45134515
0.31845254,0.19134997,0.26151267,0.22868475
0.18931794,0.1779692,0.1779865,0.4547263
0.17502089,0.17491087,0.17491132,0.47515696
0.1930053,0.17872049,0.17891829,0.44935587
0.17487845,0.17487788,0.17487797,0.47536567
0.17546912,0.17501643,0.1750268,0.47448766
0.27645847,0.18841623,0.1912669,0.34385842
0.18183088,0.17642589,0.17642687,0.46531636
0.19012433,0.17819484,0.17851585,0.453165
0.19370852,0.17884177,0.17895968,0.44849005
0.23172414,0.18450294,0.18455267,0.39922023
0.24791124,0.18620929,0.18671124,0.37916818
0.17487772,0.17487772,0.17487772,0.47536686
0.26878875,0.18832618,0.19313039,0.3497547
0.17596665,0.17516017,0.17530012,0.47357306
0.17909268,0.1758333,0.17584829,0.46922565
0.17491274,0.17488739,0.17489406,0.47530577
0.17620403,0.17518292,0.1751856,0.47342744
0.17505044,0.174921,0.17493582,0.47509274
0.24944617,0.1862565,0.18625791,0.37803945
0.44906452,0.17875846,0.17887275,0.19330423
0.17601818,0.17521401,0.17553782,0.47323003
0.44854343,0.1788669,0.18078017,0.19180949
0.17863461,0.17573382,0.17575708,0.46987447
0.17527865,0.17497095,0.17497434,0.4747761
0.17491588,0.17489552,0.17493437,0.47525424
0.17488559,0.17487955,0.17487967,0.47535512
0.34554893,0.1895738,0.21161993,0.25325736
0.17536597,0.1750044,0.17505324,0.47457647
0.22360937,0.18351011,0.1835149,0.40936565
0.17520382,0.17495559,0.17496522,0.47487542
0.18403673,0.17689852,0.17691281,0.4621519
0.3520013,0.1878111,0.18784301,0.2723446
0.19405144,0.1789613,0.17936856,0.4476187
0.18849418,0.17795628,0.1786621,0.45488748
0.17487776,0.17487778,0.1748779,0.47536653
0.25674087,0.1868918,0.18723169,0.36913568
0.18204395,0.17657153,0.17701894,0.46436557
0.27227113,0.18837827,0.1923098,0.34704077
0.18518534,0.17717458,0.17736903,0.46027097
0.233781,0.1847385,0.18481149,0.39666897
0.37399775,0.1866527,0.18810482,0.25124472
0.17555492,0.17503808,0.1750574,0.4743496
0.42591694,0.1818099,0.18535954,0.20691366
0.19606155,0.17926602,0.17936388,0.44530854
0.176581,0.17527248,0.17529264,0.4728538
0.39979067,0.18475352,0.19121036,0.2242454
0.25007796,0.1863536,0.18661313,0.37695533
0.19977947,0.17996994,0.18025827,0.43999234
0.46992838,0.17572753,0.17629956,0.17804448
0.1748813,0.17487891,0.17488045,0.47535932
0.40489805,0.18398908,0.18415667,0.22695625
0.20117378,0.18015176,0.18015544,0.43851906
0.43828553,0.18022983,0.18217489,0.19930981
0.17502777,0.1749131,0.17491628,0.4751429
0.44410276,0.1794751,0.18197724,0.19444491
0.17661813,0.17531522,0.17548403,0.47258267
0.17492859,0.17488982,0.1748914,0.47529012
0.17490612,0.17488469,0.17488626,0.47532296
0.1908012,0.17834416,0.17872405,0.45213056
0.35013714,0.18874726,0.19958827,0.2615273
0.25074148,0.18641919,0.18672909,0.37611026
0.2103439,0.18164602,0.1816716,0.4263385
0.1748995,0.17488368,0.17488767,0.47532922
0.17487772,0.17487772,0.17487772,0.47536686
0.2793706,0.18826061,0.18916023,0.34320852
0.19680949,0.179398,0.17947128,0.44432127
0.18244167,0.17660761,0.17683727,0.46411338
0.18418916,0.17700715,0.17737879,0.46142492
0.4466519,0.17909956,0.17987865,0.19436985
0.17550991,0.17508498,0.17534856,0.4740566
0.40564266,0.18391468,0.18450882,0.22593385
0.18254797,0.17659892,0.17668886,0.46416423
0.17538083,0.17505553,0.1753218,0.47424185
0.19206427,0.17850865,0.1785552,0.45087186
0.35550505,0.18817723,0.1949018,0.261416
0.44385606,0.17952132,0.18294829,0.19367428
0.3058622,0.18882397,0.18939008,0.31592375
0.38274327,0.18661647,0.20097221,0.2296681
0.17488156,0.17487942,0.17488302,0.47535598
0.19552684,0.17915918,0.17921436,0.44609958
0.17851198,0.17570466,0.17571951,0.47006384
0.18742327,0.17758839,0.17759092,0.4573974
0.17487773,0.17487773,0.17487776,0.4753668
0.17489028,0.17488226,0.17488922,0.47533825
0.20501447,0.18233372,0.19029802,0.4223538
0.23742542,0.18513113,0.18520534,0.39223814
0.42685512,0.18167263,0.18435419,0.20711802
0.35343313,0.18806398,0.19177617,0.26672676
0.26433495,0.1874885,0.18834989,0.35982662
0.17540537,0.1750297,0.17516139,0.47440353
0.21358465,0.18282741,0.18645424,0.4171337
0.20097277,0.18048567,0.1822746,0.436267
0.17902353,0.17583774,0.17593884,0.46919993
0.17496336,0.17493197,0.17497282,0.47513187
0.2797872,0.19229408,0.2382012,0.28971747
0.1798085,0.17600936,0.17610246,0.46807972
0.17740057,0.17545341,0.17545593,0.4716901
0.41836292,0.18272488,0.18750468,0.21140762
0.19183916,0.17846201,0.17849173,0.4512071
0.34054527,0.18835069,0.18918799,0.28191605
0.3708531,0.18681131,0.18756357,0.254772
0.17488064,0.1748784,0.17487845,0.4753625
0.40802783,0.18388797,0.18961155,0.21847263
0.4661444,0.1763095,0.17936395,0.1781822
0.17489357,0.17488152,0.17488213,0.47534284
0.18261965,0.17675057,0.1774487,0.46318105
0.4659647,0.17633516,0.18007375,0.1776264
0.20034651,0.18064043,0.1837309,0.43528208
0.17487773,0.17487772,0.17487776,0.4753667
0.17487781,0.17487775,0.17487778,0.4753666
0.19917534,0.18005326,0.18123744,0.4395339
0.17500779,0.17490867,0.17491208,0.47517148
0.36209267,0.18731926,0.18767671,0.26291132
0.18102175,0.17677133,0.17911495,0.463092
0.18881434,0.17792708,0.17820638,0.4550522
0.18269385,0.17661627,0.17664169,0.46404827
0.17487772,0.17487772,0.17487772,0.47536686
0.41995782,0.18249723,0.18570751,0.21183744
0.23127155,0.18445498,0.18452616,0.39974725
0.20179278,0.18031357,0.1805877,0.43730593
0.17493142,0.17489015,0.1748903,0.47528812
0.46283907,0.17680444,0.17802589,0.18233058
0.17488943,0.17488141,0.1748842,0.47534493
0.17538384,0.17500436,0.1750459,0.47456595
0.17495255,0.17489548,0.17489739,0.47525457
0.4498781,0.17867926,0.18082723,0.19061543
0.28695303,0.18842152,0.18856148,0.3360639
0.18552959,0.17721033,0.17724639,0.46001372
0.19528373,0.17910586,0.17912102,0.4464894
0.17589964,0.17511275,0.17511362,0.47387397
0.47049564,0.17563985,0.17602967,0.17783482
0.40278333,0.18416655,0.18423143,0.22881866
0.1834325,0.17700231,0.17806713,0.46149808
0.18404923,0.17698437,0.17738448,0.46158192
0.17487772,0.17487772,0.17487772,0.47536686
0.4342008,0.18073924,0.18225469,0.20280533
0.1835521,0.17692585,0.17753135,0.46199074
0.18970738,0.17805085,0.17809129,0.45415047
0.17692901,0.17535208,0.17537647,0.47234237
0.19037962,0.17817394,0.17817561,0.45327082
0.1797314,0.1759843,0.17604464,0.4682396
0.36220387,0.18728824,0.18735428,0.26315358
0.45950794,0.17730084,0.17918418,0.18400696
0.24717139,0.1869024,0.1920485,0.3738777
0.2011219,0.18017277,0.18032157,0.43838376
0.2889138,0.1891031,0.19384354,0.3281395
0.1749225,0.17489369,0.17491779,0.47526598
0.18177797,0.17642796,0.17648894,0.46530515
0.1895219,0.17803343,0.17816085,0.45428377
0.20490058,0.18104179,0.18234093,0.43171662
0.17936616,0.17589065,0.17589273,0.46885043
0.27777964,0.18814015,0.18866973,0.34541053
0.39059845,0.18530566,0.18593176,0.23816411
0.26384497,0.18734184,0.18746828,0.36134496
0.38982058,0.18537726,0.1860926,0.23870952
0.17592315,0.17514072,0.17523967,0.4736964
0.18411776,0.17692125,0.17697126,0.4619898
0.20532472,0.18086119,0.18093467,0.43287936
0.17489405,0.17488545,0.17490266,0.47531778
0.17644978,0.17523897,0.17524348,0.47306782
0.1812164,0.17658733,0.17790236,0.46429387
0.17808434,0.1756104,0.17562917,0.4706761
0.4543406,0.17803922,0.17914765,0.18847254
0.3535181,0.18806684,0.19192159,0.2664935
0.29710644,0.18893823,0.19117893,0.3227764
0.17487772,0.1748777,0.17487773,0.4753668
0.182692,0.17677441,0.17751327,0.46302024
0.17519075,0.17499393,0.17518413,0.47463125
0.28716898,0.1884094,0.188416,0.33600563
0.17487822,0.17487791,0.17487827,0.47536564
0.17487796,0.17487784,0.17487818,0.47536606
0.21073213,0.18191534,0.18298988,0.42436263
0.4357026,0.18057688,0.18322854,0.20049198
0.18301979,0.17680036,0.17734562,0.4628342
0.17497349,0.17490275,0.1749152,0.47520852
0.29845047,0.18881038,0.18988757,0.32285154
0.20593196,0.18103996,0.18150567,0.4315225
0.2828147,0.18826625,0.18828931,0.34062973
0.17491283,0.17489237,0.17491989,0.47527492
0.35128066,0.18786049,0.18806316,0.27279574
0.17488897,0.17488082,0.17488295,0.47534725
0.18989608,0.17811704,0.17829135,0.45369557
0.3280488,0.18913391,0.1943109,0.28850636
0.34862474,0.1879601,0.18798123,0.2754339
0.17632112,0.17525613,0.17546289,0.4729599
0.17487772,0.17487772,0.17487772,0.47536686
0.17489477,0.17488337,0.1748907,0.47533116
0.4725445,0.17532143,0.17606676,0.17606738
0.28967595,0.18907121,0.19353203,0.32772085
0.17506945,0.1749249,0.17493743,0.4750683
0.32742628,0.18862452,0.18868291,0.29526627
0.17487772,0.17487772,0.17487772,0.47536686
0.1765604,0.175288,0.17539585,0.47275585
0.17676029,0.17539674,0.1757809,0.47206205
0.17914318,0.17584148,0.17584346,0.4691719
0.17488253,0.17487945,0.17488204,0.47535604
0.36809537,0.18730296,0.19241934,0.25218225
0.47163036,0.17546433,0.17693414,0.17597114
0.26405436,0.1874136,0.18791144,0.36062062
0.17488083,0.17487858,0.1748793,0.47536126
0.17487821,0.17487787,0.17487809,0.47536585
0.41543606,0.18309736,0.18932147,0.21214513
0.36821073,0.18704687,0.18864328,0.2560991
0.17728218,0.17543754,0.17548618,0.47179413
0.1857494,0.1772714,0.17737734,0.45960185
0.1787128,0.17595725,0.17684776,0.4684823
0.17488265,0.17487895,0.17487948,0.47535884
0.41134414,0.18337594,0.18462607,0.22065386
0.37839675,0.18666124,0.19350381,0.2414382
0.24590153,0.18627605,0.18822776,0.3795946
0.17494042,0.17489961,0.1749316,0.47522834
0.18186438,0.17656596,0.17716044,0.46440923
0.18261763,0.17667806,0.17703834,0.463666
0.23434937,0.18488634,0.18542941,0.3953348
0.18709488,0.17765969,0.17828895,0.4569564
0.23313385,0.18467131,0.18476933,0.39742547
0.17497844,0.17490175,0.17490505,0.47521478
0.2766772,0.18934204,0.19921169,0.33476913
0.4092161,0.1836179,0.18560112,0.22156493
0.24279436,0.1867262,0.19318503,0.3772944
0.17859326,0.17572077,0.17572449,0.46996146
0.2683468,0.18786497,0.18934606,0.3544422
0.17489289,0.17488207,0.1748845,0.47534057
0.34155482,0.18823403,0.1882553,0.2819559
0.17742012,0.17546035,0.17547388,0.47164562
0.3895405,0.1854148,0.18633792,0.23870674
0.17612854,0.17516525,0.17516708,0.4735391
0.17501958,0.17491566,0.17493814,0.47512665
0.17799138,0.17558795,0.17559962,0.47082108
0.18192898,0.17666623,0.1775432,0.46386155
0.2263434,0.18385452,0.18385865,0.40594342
0.464982,0.1764796,0.17699908,0.18153928
0.28527212,0.18835935,0.18843804,0.3379305
0.17570579,0.17507626,0.17511111,0.47410682
0.1748945,0.17488176,0.17488244,0.47534132
0.1750883,0.17493126,0.17495188,0.47502849
0.17512183,0.17496546,0.17509602,0.47481674
0.23568523,0.18494153,0.18498866,0.39438456
0.18700753,0.17755751,0.17776717,0.45766783
0.18451603,0.17702807,0.17718624,0.46126962
0.17490053,0.17488477,0.17489251,0.47532222
0.3681263,0.18784367,0.20289999,0.24113002
0.17487772,0.17487772,0.17487772,0.47536686
0.1955218,0.17926157,0.1797839,0.44543272
0.17585059,0.17510249,0.17510745,0.47393945
0.17487966,0.17487861,0.17488049,0.47536126
0.17488083,0.17487846,0.1748786,0.47536212
0.17487836,0.1748779,0.17487803,0.47536573
0.1883367,0.17780547,0.1779627,0.45589513
0.17491886,0.17488755,0.17488897,0.47530463
0.18666123,0.17743495,0.17744084,0.458463
0.30446,0.18881539,0.18939105,0.31733358
0.17765951,0.17551729,0.17554504,0.4712781
0.19520159,0.17920336,0.17974709,0.44584796
0.18416372,0.17710377,0.17793435,0.46079814
0.2137031,0.18226232,0.18284306,0.42119157
0.32044768,0.18896997,0.1912001,0.2993822
0.21532486,0.18836927,0.23093385,0.36537203
0.1773891,0.1754712,0.1755629,0.4715768
0.1748777,0.1748777,0.17487773,0.4753668
0.17487882,0.17487803,0.17487825,0.47536498
0.17574131,0.17508133,0.17510243,0.474075
0.41152388,0.18329242,0.18340957,0.22177407
0.17487772,0.17487772,0.17487772,0.47536686
0.25064173,0.18702115,0.19110046,0.37123665
0.17487772,0.17487772,0.17487772,0.47536686
0.22008431,0.18309346,0.18334381,0.41347846
0.17960398,0.17599824,0.17623952,0.46815822
0.18782194,0.17838696,0.1817368,0.45205435
0.17782775,0.1755503,0.17555746,0.47106454
0.3925777,0.18527123,0.18830669,0.23384441
0.17703477,0.17537102,0.17537369,0.4722206
0.17534205,0.17504896,0.17532738,0.47428152
0.4525005,0.17831728,0.18093452,0.1882477
0.17621157,0.17520581,0.17530169,0.47328097
0.17841215,0.17584524,0.17657778,0.46916482
0.2562719,0.1868195,0.18693341,0.36997518
0.393346,0.18515614,0.18730654,0.23419134
0.17867605,0.17628811,0.17872956,0.4663063
0.17487772,0.17487772,0.17487772,0.47536686
0.1748777,0.1748777,0.17487773,0.4753668
0.17797878,0.1757476,0.17647421,0.46979937
0.38340938,0.18609463,0.18986537,0.24063067
0.17919719,0.17589775,0.17608207,0.46882308
0.17528015,0.17499815,0.17511809,0.47460365
0.22042261,0.18309304,0.18310674,0.4133776
0.17610362,0.17533512,0.17609936,0.47246188
0.2716279,0.18776992,0.18777329,0.3528289
0.1750958,0.1749292,0.17493416,0.47504082
0.17800942,0.17567532,0.17605288,0.47026238
0.18344602,0.17691916,0.17758343,0.46205142
0.2018242,0.18026498,0.1802789,0.43763196
0.18182532,0.17645186,0.1765739,0.4651489
0.393552,0.18553793,0.19705373,0.2238564
0.32134393,0.18892919,0.19087206,0.29885486
0.17996804,0.1760421,0.1761264,0.46786344
0.3655771,0.18708934,0.18713702,0.2601966
0.1748782,0.17487782,0.17487784,0.47536618
0.17487973,0.17487825,0.17487858,0.47536337
0.18976338,0.17806454,0.17811555,0.45405653
0.1753576,0.17499588,0.17502862,0.47461787
0.1748778,0.17487775,0.17487784,0.47536665
0.18045098,0.17624018,0.1767396,0.4665692
0.17493579,0.17489357,0.17490411,0.47526652
0.29369745,0.1886356,0.18897429,0.32869267
0.22849995,0.18411796,0.18412599,0.40325603
0.19762924,0.17952943,0.17953259,0.44330877
0.425266,0.1818643,0.18465002,0.20821966
0.17538995,0.17507176,0.17540209,0.47413614
0.18194023,0.17645,0.1764545,0.46515536
0.17637922,0.17524166,0.17532443,0.4730547
0.45369872,0.17812939,0.17914984,0.18902203
0.20362648,0.18075423,0.18167046,0.43394884
0.17488128,0.17487979,0.1748811,0.47535777
0.41277865,0.18317325,0.18355994,0.22048812
0.18361063,0.17697246,0.17773364,0.46168318
0.4355671,0.18055426,0.18153465,0.20234394
0.22449882,0.1836681,0.18390842,0.40792465
0.18552077,0.17772332,0.18007827,0.45667762
0.3031934,0.18873088,0.1887317,0.319344
0.31878272,0.18880972,0.18944575,0.30296177
0.17828074,0.1757357,0.17609435,0.46988922
0.3121691,0.18878046,0.18886724,0.31018323
0.17488529,0.17487977,0.17488052,0.47535437
0.1812442,0.1763499,0.17656955,0.46583638
0.17487772,0.1748777,0.17487772,0.4753668
0.18043053,0.17613508,0.17618626,0.46724814
0.17487772,0.17487772,0.17487772,0.47536686
0.19126058,0.17878368,0.18083921,0.44911656
0.18315448,0.17670791,0.17671038,0.46342725
0.17487772,0.17487772,0.17487772,0.47536686
0.22880954,0.18416116,0.18418783,0.40284154
0.17526294,0.17497204,0.17499585,0.4747692
0.26828772,0.18824197,0.19236064,0.35110968
0.2577966,0.18710777,0.18830548,0.36679015
0.18060088,0.17616303,0.17617562,0.46706048
0.17527054,0.17497617,0.17498802,0.4747653
0.25231758,0.18650158,0.1865461,0.3746347
0.17498247,0.17490721,0.1749301,0.47518027
0.22275998,0.18340874,0.183443,0.41038826
0.42770374,0.18150143,0.18200196,0.20879282
0.33411092,0.1890461,0.19509353,0.28174952
0.18356286,0.17688844,0.17730537,0.46224332
0.32997498,0.18856202,0.1885632,0.29289982
0.1748779,0.17487776,0.17487776,0.4753666
0.17487776,0.17487776,0.17487784,0.4753667
0.17571305,0.17508166,0.1751326,0.4740727
0.17490861,0.17489448,0.17493571,0.47526118
0.23992112,0.18540995,0.18556914,0.38909984
0.27301857,0.187863,0.18801321,0.35110518
0.39813623,0.18464728,0.18546522,0.23175132
0.17862071,0.17579697,0.17611018,0.4694722
0.32865545,0.1888389,0.19113708,0.29136854
0.17671883,0.17535129,0.1755798,0.47235003
0.19838198,0.1796665,0.17968325,0.44226825
0.17559382,0.17504287,0.17504434,0.47431898
0.17643674,0.17528525,0.17550029,0.4727777
0.17488134,0.1748792,0.17488189,0.47535753
0.33831164,0.18921271,0.19909167,0.27338395
0.17680143,0.17534825,0.17548168,0.4723686
0.20982096,0.18160717,0.18184005,0.4267318
0.35813093,0.18757884,0.18836711,0.2659231
0.17487784,0.17487776,0.17487782,0.4753666
0.1755007,0.1750277,0.17505279,0.47441882
0.34153062,0.1889105,0.19651093,0.273048
0.1760529,0.17515142,0.17516823,0.47362745
0.17488027,0.17487845,0.17487906,0.47536224
0.18265523,0.17663737,0.17679751,0.4639099
0.40935332,0.18353029,0.18391962,0.22319682
0.36030188,0.18775618,0.19239119,0.2595508
0.17487852,0.1748782,0.1748795,0.4753638
0.41737637,0.18270646,0.18378076,0.21613643
0.17509253,0.17493674,0.17497392,0.47499675
0.2098574,0.18185519,0.18330604,0.42498133
0.17493437,0.17489421,0.17490631,0.47526512
0.17488644,0.17488045,0.17488343,0.47534978
0.176884,0.17556646,0.1765772,0.4709723
0.17487776,0.17487773,0.17487784,0.4753666
0.19103746,0.17839645,0.17882374,0.45174235
0.17537056,0.17499287,0.17499986,0.4746366
0.45244086,0.17832275,0.18060753,0.1886288
0.4140314,0.1831958,0.18726619,0.2155066
0.17495823,0.17489743,0.17490233,0.47524202
0.4072542,0.18374513,0.18417399,0.2248267
0.3917339,0.18542665,0.18999617,0.23284325
0.28528336,0.18851292,0.18967149,0.3365322
0.18007348,0.17606002,0.17612141,0.46774504
0.22043432,0.18313403,0.18335335,0.41307828
0.17949422,0.17593916,0.17597346,0.46859318
0.18341313,0.17690992,0.17757088,0.462106
0.17905262,0.17582655,0.17585082,0.46926996
0.25751105,0.18709035,0.18831503,0.3670835
0.31796184,0.18874592,0.18876968,0.30452257
0.2178605,0.18314634,0.18525346,0.4137397
0.45870137,0.17742439,0.1802036,0.1836706
0.2580143,0.18720491,0.18892705,0.36585373
0.17812334,0.17561726,0.17562836,0.470631
0.2849759,0.18885042,0.19258621,0.3335875
0.18617922,0.17733711,0.1773434,0.4591403
0.17494431,0.1748948,0.17490213,0.47525877
0.17871945,0.17575106,0.17576723,0.4697623
0.39264753,0.18529037,0.18880756,0.23325463
0.21411553,0.18220636,0.18220994,0.4214682
0.35834885,0.18774727,0.190795,0.26310894
0.22606196,0.18409577,0.1855823,0.40425998
0.17492917,0.17489012,0.17489228,0.47528842
0.175259,0.174974,0.17499368,0.4747734
0.17540239,0.17500375,0.17502537,0.47456843
0.18007143,0.176127,0.1764899,0.46731162
0.253557,0.18682942,0.18826333,0.37135026
0.3094451,0.18919913,0.19283146,0.30852425
0.23145239,0.1846675,0.1857894,0.39809072
0.17917325,0.17606942,0.17705189,0.46770546
0.28939116,0.18849683,0.18862498,0.33348703
0.17650758,0.17526256,0.17531273,0.47291714
0.17627427,0.175199,0.17520279,0.4733239
0.18503164,0.17711884,0.1772052,0.4606443
0.21303414,0.18205123,0.18207505,0.42283958
0.24649909,0.18604589,0.18632028,0.38113475
0.17506325,0.17492086,0.17492223,0.47509366
0.18507001,0.17719297,0.17757486,0.46016222
0.17488275,0.17487898,0.17487942,0.4753589
0.17487778,0.17487775,0.17487776,0.4753667
0.17504959,0.17491816,0.17492157,0.47511062
0.17589755,0.1751161,0.17513362,0.47385272
0.39679313,0.18497705,0.18989009,0.2283397
0.19047199,0.17819771,0.17822622,0.4531041
0.47254238,0.17532286,0.17586851,0.17626625
0.17594159,0.17513412,0.17518607,0.47373822
0.17923142,0.17586482,0.17588316,0.46902066
0.17489792,0.17488284,0.17488487,0.47533438
0.23599641,0.18499048,0.18512292,0.39389017
0.18196268,0.17681421,0.17843539,0.46278775
0.17488012,0.17487831,0.17487855,0.47536305
0.17519821,0.1749615,0.17500353,0.47483674
0.4382338,0.18024336,0.18248934,0.19903351
0.45717,0.1776529,0.18364482,0.1815323
0.3922517,0.18517904,0.18605508,0.2365142
0.37766957,0.18628341,0.18628648,0.24976048
0.46452445,0.17655724,0.17807269,0.18084566
0.17783211,0.17555064,0.17555462,0.47106263
0.18593757,0.1776716,0.17942752,0.4569633
0.24925444,0.18624723,0.18629026,0.37820807
0.29784462,0.18920219,0.19313417,0.31981903
0.17510074,0.17492968,0.17493176,0.4750378
0.17761116,0.1755767,0.17591211,0.47089994
0.23029031,0.18436109,0.18453932,0.4008093
0.17882578,0.17583153,0.17609847,0.46924418
0.3000345,0.1889553,0.19100335,0.32000685
0.3740789,0.18654062,0.18658349,0.25279695
0.17489597,0.17488217,0.17488302,0.4753388
0.17488305,0.17488211,0.17489587,0.47533897
0.23501343,0.1849139,0.18520892,0.39486375
0.17495763,0.17490086,0.1749209,0.4752206
0.2200975,0.18351574,0.18599302,0.4103937
0.17539412,0.17501841,0.1751125,0.474475
0.17489602,0.17488211,0.17488283,0.4753391
0.31760123,0.18897125,0.19093248,0.30249503
0.18662505,0.17751446,0.17791456,0.45794594
0.17487945,0.1748785,0.17487961,0.47536245
0.17487967,0.17487827,0.17487839,0.4753637
0.17609811,0.17516148,0.1751747,0.4735658
0.37944221,0.18642578,0.1899505,0.24418151
0.3963882,0.18480596,0.18560894,0.23319687
0.18751854,0.17760779,0.17761143,0.45726228
0.17514841,0.17494056,0.17494148,0.47496954
0.17633651,0.17524855,0.17540069,0.4730142
0.23520854,0.18488921,0.18493171,0.3949706
0.42914337,0.18153554,0.19383758,0.1954835
0.17756963,0.17549096,0.17549162,0.47144783
0.30906957,0.18877038,0.18879326,0.31336683
0.2814015,0.18833867,0.18923183,0.34102803
0.17488825,0.17488252,0.17489238,0.47533682
0.3700648,0.1868983,0.18809699,0.2549399
0.19875622,0.17973037,0.17973572,0.44177768
0.18515958,0.1774973,0.17918897,0.45815423
0.291128,0.18862143,0.18936977,0.33088085
0.17558952,0.17505871,0.17513311,0.4742187
0.18519917,0.17785904,0.18120399,0.45573774
0.2683515,0.18783222,0.18939793,0.35441834
0.3909933,0.18601523,0.21081613,0.21217535
0.29531422,0.1890019,0.1919653,0.3237186
0.40661946,0.18393402,0.18704791,0.22239853
0.33991292,0.18891989,0.19585294,0.2753143
0.17488064,0.17487969,0.17488524,0.47535443
0.17649077,0.17526057,0.17531866,0.47293004
0.3627768,0.18838018,0.20786753,0.24097544
0.18669719,0.17745826,0.17753656,0.45830798
0.2776854,0.18950714,0.20040824,0.33239928
0.17487931,0.17487878,0.17488183,0.47536013
0.39860687,0.18460947,0.18551914,0.23126458
0.18091236,0.17633156,0.17679286,0.46596316
0.17488317,0.17487915,0.17487992,0.47535783
0.17487781,0.17487775,0.17487775,0.4753667
0.18203744,0.17648058,0.17652868,0.4649532
0.21477264,0.18346888,0.18968034,0.41207817
0.17501882,0.17494944,0.17510854,0.47492322
0.37881032,0.18677782,0.19663236,0.23777953
0.1748777,0.1748777,0.17487773,0.4753668
0.17487793,0.17487778,0.17487785,0.47536644
0.24990518,0.18668193,0.18900539,0.37440753
0.27726546,0.18855394,0.19211963,0.34206095
0.1748908,0.17488162,0.1748853,0.47534224
0.36957204,0.18769597,0.20220323,0.24052879
0.40980563,0.18355021,0.18536249,0.2212817
0.17931432,0.1758799,0.17588486,0.46892092
0.24515796,0.18590648,0.18607776,0.38285777
0.20180371,0.1803052,0.18053052,0.43736053
0.17487974,0.17487974,0.17488474,0.4753557
0.17556174,0.17503597,0.1750393,0.47436306
0.17898442,0.17600894,0.17690617,0.4681005
0.4731634,0.1752245,0.17575164,0.17586038
0.18602392,0.17731579,0.17737007,0.45929027
0.17487773,0.17487773,0.17487778,0.4753668
0.17507116,0.1749229,0.17492515,0.4750808
0.17508377,0.17492534,0.17492564,0.4750652
0.17502916,0.17492299,0.17496586,0.47508204
0.3153383,0.18882743,0.18939212,0.3064421
0.18696532,0.1784073,0.18267438,0.45195302
0.2110055,0.18188813,0.1826208,0.4244856
0.45348474,0.17817779,0.18085949,0.18747802
0.24068663,0.18545413,0.18547887,0.38838032
0.17500368,0.1749408,0.17508602,0.47496954
0.24504241,0.18625765,0.1885589,0.38014105
0.1930994,0.17874503,0.17897646,0.44917908
0.19940907,0.17984523,0.17985004,0.44089568
0.19131294,0.17842653,0.17875937,0.45150122
0.23527846,0.18509379,0.18623394,0.39339387
0.17536917,0.17499186,0.17499541,0.4746436
0.267197,0.18753606,0.18760486,0.35766208
0.468196,0.17599645,0.17816293,0.17764455
0.17489044,0.1748809,0.17488156,0.4753471
0.25059268,0.18645296,0.18704191,0.3759125
0.1757488,0.17507865,0.17508128,0.47409123
0.17491102,0.1748857,0.17488694,0.47531635
0.17490491,0.17489466,0.17494076,0.47525963
0.1911946,0.17933024,0.18409939,0.44537577
0.3340235,0.18916196,0.19650035,0.2803142
0.17832755,0.17566787,0.17568672,0.4703179
0.30667666,0.18876046,0.188781,0.31578192
0.17492266,0.17488903,0.17489283,0.47529554
0.17488353,0.17488214,0.17489497,0.47533932
0.18098603,0.17637369,0.17695041,0.4656899
0.2771625,0.18818797,0.18922025,0.34542936
0.1831028,0.17672199,0.17683674,0.46333843
0.1748785,0.17487791,0.17487796,0.47536573
0.17691883,0.17535251,0.17538789,0.4723408
0.30929685,0.1887699,0.18878485,0.3131484
0.1748798,0.17487864,0.17488024,0.47536132
0.3092429,0.18896684,0.19059475,0.31119552
0.1749071,0.174885,0.17488693,0.47532097
0.1898176,0.17812681,0.17841327,0.4536424
0.23618929,0.18502264,0.1852207,0.39356744
0.27732494,0.18838197,0.19072758,0.3435655
0.20740663,0.1814242,0.18262568,0.4285435
0.17487782,0.17487776,0.17487784,0.4753666
0.18364559,0.17694964,0.177574,0.46183077
0.25193766,0.18687887,0.18940581,0.37177762
0.1843517,0.17703265,0.17736666,0.461249
0.17487772,0.17487772,0.17487772,0.47536686
0.17493579,0.17489691,0.17492156,0.47524574
0.25156933,0.18644194,0.186485,0.3755037
0.30780107,0.18876724,0.188793,0.3146386
0.19623926,0.17936906,0.17979598,0.44459566
0.17631555,0.17523478,0.17535326,0.47309643
0.19038679,0.17817521,0.17817652,0.45326146
0.1748777,0.1748777,0.17487772,0.4753668
0.2622602,0.18725134,0.1874489,0.36303946
0.17786804,0.17566979,0.17609978,0.47036242
0.2674601,0.18814856,0.19220366,0.3521877
0.40235993,0.18420775,0.18428247,0.22914986
0.2187951,0.1828705,0.18287866,0.41545582
0.31406844,0.1890975,0.1919479,0.30488622
0.4687076,0.1759161,0.17663875,0.17873758
0.41785592,0.18295075,0.19701533,0.20217799
0.20051213,0.1810544,0.18611063,0.43232283
0.2737813,0.18804128,0.18913415,0.34904328
0.29013324,0.18919845,0.19459462,0.32607368
0.17487775,0.17487773,0.17487775,0.4753668
0.17734948,0.17545447,0.17551178,0.47168425
0.17488168,0.17487863,0.17487869,0.475361
0.1763346,0.175221,0.17526075,0.47318357
0.18570761,0.17728268,0.17748025,0.4595295
0.3274409,0.18895218,0.19215216,0.29145476
0.18080783,0.17622028,0.17625059,0.46672127
0.17498863,0.17490765,0.1749234,0.4751803
0.17586848,0.17512769,0.17522374,0.4737801
0.17488049,0.17487943,0.17488408,0.47535604
0.1748787,0.174878,0.17487822,0.47536504
0.17492716,0.17489423,0.1749157,0.47526297
0.17488754,0.17488037,0.17488198,0.47535017
0.17492534,0.17488997,0.17489535,0.4752893
0.1748777,0.1748777,0.17487773,0.4753668
0.17488393,0.17488131,0.17489073,0.47534397
0.26409817,0.18791042,0.19164912,0.35634226
0.31585163,0.18885279,0.18966044,0.30563512
0.21793321,0.18276028,0.18281381,0.4164927
0.17943981,0.17592424,0.17597309,0.46866286
0.17492092,0.17488948,0.17489682,0.47529286
0.35008523,0.18789507,0.18789966,0.27412
0.17570917,0.17519425,0.1757308,0.47336578
0.25231385,0.18715906,0.19127399,0.36925316
0.3268743,0.18886907,0.19114433,0.2931123
0.17487913,0.17487806,0.17487817,0.4753646
0.17488796,0.1748819,0.17488976,0.47534043
0.2558634,0.18679662,0.18695758,0.3703824
0.17488219,0.17487907,0.17488037,0.4753584
0.17487775,0.17487772,0.17487773,0.47536677
0.17523514,0.17496017,0.17496029,0.47484446
0.17487986,0.17487836,0.17487895,0.47536284
0.45425072,0.17803901,0.17822784,0.18948242
0.3730413,0.18683727,0.19004191,0.2500795
0.39564168,0.18502226,0.18860975,0.23072627
0.17993172,0.17601477,0.17601675,0.46803677
0.22400337,0.18357812,0.18367606,0.40874243
0.20391789,0.18062261,0.18066303,0.43479654
0.4711964,0.1755318,0.17667663,0.1765951
0.17487784,0.17487776,0.17487788,0.4753665
0.27495015,0.18855193,0.19284496,0.34365302
0.18020381,0.17609742,0.17619094,0.46750778
0.17601159,0.17514741,0.17518711,0.47365388
0.17812692,0.17562474,0.17566417,0.4705842
0.17487778,0.17487778,0.17487784,0.47536665
0.1748782,0.17487799,0.1748787,0.47536513
0.39491042,0.1849001,0.185034,0.23515552
0.18187667,0.1764442,0.17648345,0.46519572
0.2797907,0.18904035,0.19553256,0.33563638
0.2671387,0.18756737,0.18785946,0.35743448
0.40974677,0.18369201,0.18901901,0.21754216
0.17487772,0.1748777,0.17487773,0.4753668
0.17491622,0.17488733,0.17489012,0.47530636
0.1749058,0.17488874,0.17490815,0.47529733
0.17853291,0.175721,0.17577286,0.4699733
0.17496641,0.17489833,0.1748987,0.47523654
0.46575567,0.17636693,0.17759433,0.1802831
0.19095176,0.17837702,0.17879784,0.45187348
0.17487772,0.17487772,0.17487772,0.47536686
0.1987773,0.17973717,0.17975667,0.44172877
0.17770939,0.17554422,0.1756405,0.4711059
0.17497341,0.1749015,0.1749047,0.47522032
0.17496371,0.17490052,0.17491311,0.47522262
0.2967474,0.18902856,0.19203186,0.32219222
0.19016993,0.17816068,0.17828812,0.45338127
0.1748778,0.17487776,0.17487791,0.4753665
0.17488074,0.17487851,0.17487893,0.47536185
0.20589589,0.18096378,0.18108489,0.43205544
0.2098002,0.18258585,0.1879007,0.4197133
0.39842966,0.18482098,0.18971393,0.22703536
0.17773436,0.17560966,0.17596817,0.47068772
0.44542864,0.17925414,0.1795408,0.19577645
0.29777303,0.18919843,0.19346432,0.31956422
0.36881855,0.18690357,0.18709263,0.25718525
0.17584747,0.17510682,0.17513368,0.4739121
0.2560159,0.18687676,0.18745656,0.36965078
0.3400403,0.18832016,0.18868506,0.2829545
0.1888277,0.17812961,0.17932849,0.4537142
0.33746603,0.18837272,0.18843716,0.28572404
0.17489551,0.17488804,0.17491496,0.47530153
0.21000367,0.18203177,0.18417862,0.4237859
0.18068826,0.17619243,0.17625122,0.466868
0.1749129,0.1748897,0.17490508,0.47529227
0.3085794,0.18876806,0.18878399,0.31386858
0.43180498,0.1811511,0.18806596,0.19897795
0.19541803,0.17917992,0.1794253,0.4459767
0.32356498,0.18894395,0.19134966,0.29614145
0.18646054,0.17766903,0.17892891,0.45694152
0.17632297,0.17523824,0.17536493,0.47307396
0.17544074,0.17503275,0.17514221,0.47438425
0.17493325,0.17489266,0.1749018,0.47527227
0.17489482,0.17488271,0.17488569,0.47533685
0.17642076,0.17538889,0.17607604,0.4721143
0.29710758,0.1887392,0.18942341,0.32472977
0.18860808,0.17782542,0.17782792,0.45573854
0.17636234,0.17522031,0.1752294,0.47318795
0.2567599,0.18822715,0.19729736,0.35771558
0.43028542,0.18125401,0.18385628,0.2046043
0.17487782,0.17487773,0.17487778,0.4753666
0.28509188,0.18835612,0.18845482,0.33809716
0.17517845,0.1749509,0.17496246,0.47490817
0.18789548,0.17830378,0.18118994,0.45261085
0.18972443,0.17835188,0.17977047,0.45215324
0.1748781,0.17487785,0.17487799,0.47536612
0.21782808,0.18291244,0.18378575,0.41547367
0.45386553,0.17813294,0.18575706,0.18224439
0.17487864,0.17487799,0.17487824,0.47536513
0.1750446,0.1749167,0.17491873,0.47511998
0.19487976,0.1791776,0.17985651,0.44608614
0.17508341,0.17492585,0.1749284,0.47506228
0.17487875,0.17487806,0.17487851,0.47536477
0.19635439,0.17936006,0.17964922,0.4446363
0.1759924,0.17514853,0.17521204,0.47364703
0.20416059,0.18067326,0.18076044,0.4344057
0.17540662,0.17502834,0.17515276,0.4744122
0.4618189,0.17696008,0.17885783,0.18236314
0.4628179,0.17681386,0.17986365,0.18050465
0.4493446,0.1787563,0.18112214,0.19077697
0.17502601,0.17495583,0.1751461,0.47487208
0.17487799,0.17487782,0.17487791,0.47536626
0.17513968,0.17493898,0.17494099,0.47498035
0.17487773,0.17487775,0.17487773,0.4753668
0.19023694,0.17826565,0.17867622,0.4528212
0.17563099,0.17507313,0.17516637,0.4741295
0.19111022,0.1785476,0.17962477,0.4507174
0.4628767,0.1767986,0.18233083,0.17799386
0.17491461,0.1748866,0.17488818,0.47531056
0.4537987,0.17812218,0.1796451,0.18843399
0.17507483,0.17492327,0.17492354,0.47507837
0.3415701,0.18932226,0.20270792,0.26639968
0.17496854,0.17490098,0.1749108,0.47521967
0.1748852,0.17488246,0.17488487,0.47534743
0.41451788,0.18324544,0.19122195,0.21101478
0.42314938,0.18214914,0.18616188,0.20853953
0.21170399,0.18235478,0.1849416,0.42099965
0.29849494,0.1888475,0.19020632,0.3224512
0.20264906,0.18041022,0.18044922,0.43649146
0.17857602,0.1757407,0.17584458,0.46983868
0.32705262,0.18935001,0.19655898,0.28703842
0.17487775,0.17487773,0.17487773,0.4753668
0.2742248,0.18838058,0.19167961,0.34571502
0.17488801,0.17488061,0.17488283,0.4753485
0.21837956,0.18282275,0.18287966,0.41591805
0.18318228,0.17684823,0.17745465,0.46251485
0.26345322,0.18736172,0.18777099,0.3614141
0.33668432,0.18848614,0.18941699,0.2854126
0.17572023,0.17507945,0.17511398,0.47408634
0.21983828,0.18340462,0.18546344,0.41129366
0.18670055,0.17945334,0.18924868,0.44459742
0.1792043,0.17585665,0.17586577,0.46907333
0.17750184,0.1754945,0.17557693,0.47142678
0.24640079,0.18618454,0.18728323,0.38013148
0.18272379,0.17668074,0.17697006,0.4636254
0.17488144,0.17488004,0.1748861,0.4753525
0.46945727,0.17579916,0.17606881,0.17867471
0.46408582,0.176624,0.1800301,0.17926006
0.17489922,0.17488827,0.17491211,0.4753004
0.23937306,0.18561761,0.18731752,0.38769177
0.17487797,0.17487785,0.17487815,0.47536606
0.17525733,0.17497194,0.17499837,0.47477245
0.17566076,0.17506865,0.17511529,0.4741553
0.32340717,0.18907724,0.19273835,0.29477724
0.1748959,0.17488286,0.17488693,0.4753343
0.34318978,0.18852237,0.1922592,0.2760286
0.23734829,0.1857766,0.18960363,0.3872715
0.17498882,0.17490709,0.17492305,0.475181
0.17491199,0.17488569,0.17488594,0.47531638
0.21022108,0.18162833,0.18166006,0.42649052
0.44308043,0.17964263,0.1843189,0.192958
0.23701027,0.18533458,0.1868025,0.3908526
0.44519338,0.17937462,0.18774045,0.18769152
0.17487772,0.17487772,0.17487772,0.47536686
0.34743953,0.18825628,0.19096719,0.27333698
0.24898687,0.18636905,0.18726604,0.3773781
0.32128778,0.18955489,0.19770925,0.29144815
0.17503512,0.17491566,0.17492262,0.4751266
0.17641577,0.17523375,0.17524934,0.47310108
0.43661332,0.18053867,0.18816097,0.19468705
0.17540044,0.17500722,0.17504609,0.47454625
0.17548472,0.17502648,0.1750654,0.47442344
0.1748777,0.1748777,0.17487773,0.4753668
0.17488097,0.17487884,0.17488036,0.47535992
0.20520723,0.18089119,0.18120505,0.43269652
0.18425632,0.17696913,0.17710611,0.46166843
0.17487791,0.17487787,0.17487834,0.4753659
0.17548478,0.17504293,0.17515327,0.47431898
0.17487772,0.17487772,0.17487772,0.47536686
0.34313524,0.18876138,0.1953253,0.27277806
0.46713194,0.17615895,0.17843713,0.17827189
0.18936409,0.17848133,0.1808356,0.45131898
0.19174713,0.17844994,0.17849167,0.4513112
0.17487772,0.17487772,0.17487772,0.47536686
0.18365534,0.1768164,0.17683312,0.46269512
0.17498097,0.17490177,0.17490205,0.47521526
0.17537165,0.17501888,0.1751372,0.47447222
0.175223,0.17497323,0.17504215,0.47476158
0.17493553,0.17489193,0.17489575,0.4752768
0.17492491,0.17489335,0.17491378,0.47526804
0.17487884,0.17487885,0.17488237,0.47536004
0.17489266,0.17488442,0.17489758,0.47532535
0.4121233,0.1832641,0.18412906,0.22048351
0.18153527,0.17655976,0.17744273,0.46446225
0.42279944,0.18224902,0.18862925,0.20632225
0.23759101,0.18549909,0.18756646,0.3893435
0.17800613,0.17576563,0.17654562,0.46968257
0.17500304,0.1749073,0.17491011,0.47517955
0.44544643,0.17928204,0.18074752,0.19452403
0.22962666,0.1843461,0.18486027,0.40116704
0.42674333,0.18176454,0.18742798,0.20406415
0.21590382,0.1824687,0.18249266,0.4191349
0.42706394,0.1815703,0.18186751,0.20949827
0.2030052,0.18046366,0.18047297,0.43605816
0.2737988,0.18959633,0.2025529,0.334052
0.462387,0.17687827,0.18102105,0.17971371
0.21535926,0.1825137,0.18316144,0.41896564
0.44885415,0.17880023,0.17961241,0.19273326
0.4632825,0.17674218,0.17886409,0.18111129
0.1754751,0.1750886,0.17540227,0.474034
0.18855622,0.17799182,0.17879249,0.4546594
0.17672186,0.17531055,0.17535812,0.47260952
0.17595382,0.17513067,0.1751555,0.47376
0.17495725,0.17489736,0.17490287,0.4752425
0.36771148,0.18705791,0.18836221,0.25686848
0.17488383,0.17488037,0.17488569,0.4753501
0.2954647,0.18929052,0.19460058,0.3206442
0.41232032,0.1833393,0.18650866,0.21783176
0.17487791,0.17487782,0.17487805,0.47536626
0.343818,0.18816368,0.18830118,0.27971718
0.17489439,0.17488168,0.17488211,0.47534183
0.22264513,0.18370867,0.18542995,0.4082163
0.38400444,0.18589059,0.18717642,0.24292855
0.17487784,0.17487781,0.17487806,0.47536632
0.30611435,0.1887555,0.18876423,0.31636593
0.19758302,0.17952438,0.17954245,0.44335017
0.1970801,0.18078323,0.18749397,0.43464273
0.19775067,0.18048151,0.18503809,0.4367297
0.17487858,0.17487831,0.17488009,0.47536305
0.388888,0.18548237,0.18662843,0.23900117
0.20869374,0.18161713,0.18277343,0.42691576
0.1751725,0.17494741,0.17495239,0.4749277
0.39357626,0.18510973,0.1868073,0.23450671
0.1748777,0.1748777,0.17487773,0.4753668
0.1841695,0.1769914,0.17730992,0.46152925
0.17487879,0.17487824,0.17487954,0.47536343
0.17487778,0.17487776,0.17487781,0.4753666
0.17508103,0.17494205,0.17501745,0.4749595
0.40035245,0.18453917,0.1873249,0.22778346
0.17513597,0.17494747,0.17499156,0.474925
0.17489818,0.17488684,0.17490558,0.4753094
0.32141554,0.1888147,0.18975398,0.30001575
0.17996348,0.17607656,0.17631058,0.4676494
0.30236694,0.18873061,0.18879606,0.3201064
0.29749846,0.18867457,0.18882903,0.3249979
0.17514259,0.17495629,0.1750318,0.4748693
0.21224466,0.18198767,0.1822826,0.42348507
0.17703536,0.175414,0.17557043,0.4719802
0.17487778,0.17487773,0.17487776,0.47536677
0.17694265,0.17535591,0.17538348,0.47231796
0.17634249,0.17527671,0.17555147,0.4728294
0.1748778,0.17487778,0.17487787,0.47536653
0.17495906,0.17489651,0.17489661,0.47524783
0.28889406,0.18855281,0.18922113,0.33333203
0.47132042,0.17551422,0.17678705,0.17637827
0.17506386,0.17492235,0.17492901,0.47508466
0.17488095,0.17487854,0.17487891,0.4753616
0.18620332,0.17772162,0.17946666,0.4566084
0.1758125,0.17515303,0.17541541,0.47361904
0.21055153,0.18167444,0.1816752,0.4260988
0.2754113,0.18800054,0.18829985,0.3482883
0.17488569,0.17488359,0.17490101,0.47532976
0.32240862,0.18870482,0.1887863,0.3001003
0.17490464,0.17488474,0.174888,0.47532257
0.44854385,0.17884852,0.17999572,0.19261183
0.17488752,0.17488046,0.17488217,0.4753499
0.1749231,0.17488834,0.17488898,0.4752996
0.17771037,0.17553703,0.17560023,0.47115234
0.23994033,0.18555728,0.18659201,0.38791043
0.1748786,0.17487802,0.17487848,0.47536486
0.3404642,0.18877524,0.19422753,0.276533
0.17495584,0.17489684,0.1749013,0.475246
0.17488383,0.17487918,0.17487934,0.47535765
0.44456056,0.17938408,0.18032803,0.19572729
0.1841143,0.1771406,0.17817092,0.46057418
0.17519723,0.17500219,0.17522204,0.47457856
0.17800552,0.17561558,0.1757337,0.47064522
0.1858653,0.17730983,0.17747888,0.459346
0.18847348,0.17787305,0.17821105,0.45544243
0.17761688,0.17564692,0.17628613,0.47045004
0.20342654,0.18121515,0.1846035,0.4307548
0.31289142,0.18882863,0.1893247,0.30895528
0.17517732,0.17495376,0.17497519,0.47489372
0.20238368,0.18085635,0.18326719,0.4334928
0.20552462,0.18088233,0.18088423,0.43270886
0.27968994,0.18876103,0.19318144,0.33836755
0.17487808,0.17487784,0.17487805,0.47536606
0.17502818,0.17492141,0.17495905,0.47509134
0.17491898,0.17488986,0.17490119,0.47529
0.2077773,0.18252589,0.18918759,0.42050925
0.3014233,0.18879426,0.18943742,0.32034495
0.17490804,0.17489319,0.1749298,0.47526893
0.1838059,0.17729646,0.17935199,0.45954564
0.2792605,0.18916836,0.19684744,0.33472368
0.1758335,0.17516041,0.17543447,0.47357157
0.31464323,0.18895209,0.19055595,0.30584872
0.17774045,0.17552973,0.17553249,0.4711973
0.43286693,0.18100452,0.187235,0.19889355
0.17489061,0.17488645,0.17491038,0.4753125
0.17487855,0.17487797,0.17487824,0.47536525
0.1748794,0.17487812,0.17487821,0.47536424
0.17542757,0.17502275,0.17510247,0.4744472
0.17500488,0.17490982,0.17491932,0.475166
0.17509912,0.1749317,0.17494424,0.47502485
0.1749211,0.17489517,0.17492706,0.4752567
0.18597405,0.17731391,0.17740588,0.45930618
0.31968674,0.18878837,0.18931705,0.30220783
0.21197277,0.18188854,0.18189077,0.42424795
0.4743679,0.17503552,0.1752151,0.17538157
0.29026356,0.1885556,0.18898378,0.33219704
0.17488046,0.17487995,0.17488615,0.47535345
0.27023196,0.18769707,0.1877068,0.3543642
0.1963116,0.17940888,0.17996548,0.44431406
0.40823752,0.18367335,0.18467782,0.22341132
0.1748788,0.17487839,0.1748801,0.47536272
0.17488733,0.17488016,0.17488113,0.47535136
0.17487772,0.17487772,0.17487772,0.47536686
0.2722847,0.18780333,0.18780419,0.35210782
0.45654008,0.17774265,0.18108398,0.18463327
0.18220936,0.17653131,0.17663918,0.46462014
0.23975202,0.1856094,0.18704969,0.38758892
0.17488018,0.17487833,0.17487842,0.47536314
0.45614755,0.17777666,0.17848392,0.18759196
0.33607885,0.18906945,0.19604129,0.27881044
0.17556688,0.17506532,0.175191,0.47417676
0.174895,0.1748873,0.1749102,0.4753075
0.366998,0.18711796,0.18859573,0.25728828
0.22670765,0.18391213,0.18397574,0.4054045
0.17487825,0.1748781,0.17487934,0.47536427
0.17497608,0.17491563,0.1749808,0.47512752
0.37987074,0.18619838,0.18729642,0.24663453
0.17727152,0.17542467,0.17542851,0.4718754
0.41528288,0.18297093,0.18491223,0.21683389
0.17512791,0.1749423,0.17497206,0.4749577
0.35080937,0.18800819,0.18961766,0.2715648
0.17501217,0.17491043,0.17491765,0.47515973
0.17903683,0.17599675,0.1767875,0.468179
0.17487772,0.1748777,0.1748777,0.4753668
0.32304472,0.18869233,0.18874039,0.29952255
0.17487782,0.17487778,0.17487794,0.4753665
0.4541581,0.1780543,0.17838657,0.18940103
0.17489758,0.1748852,0.17489114,0.4753261
0.17494902,0.17491008,0.17497765,0.47516325
0.18888742,0.17795227,0.17827907,0.4548813
0.39541176,0.18530259,0.1951797,0.22410601
0.46039194,0.17717698,0.18068117,0.1817499
0.29317954,0.1888778,0.19118336,0.32675934
0.23986991,0.1858141,0.18838331,0.38593274
0.17491932,0.1748891,0.17489673,0.47529486
0.17487773,0.17487773,0.17487776,0.4753668
0.19956714,0.17989923,0.1800282,0.44050545
0.22973476,0.18429154,0.18444517,0.4015285
0.17611317,0.17517142,0.17518933,0.473526
0.17491809,0.1748875,0.17488949,0.47530496
0.2499015,0.18630119,0.18632555,0.37747172
0.47476125,0.17497332,0.17506258,0.17520292
0.17502433,0.17491794,0.17494562,0.47511205
0.18015325,0.17606494,0.17607453,0.46770725
0.17601071,0.17514628,0.17518054,0.47366247
0.17881194,0.17577009,0.17577979,0.46963814
0.17487772,0.17487772,0.17487772,0.47536686
0.21706371,0.18302344,0.18507548,0.41483736
0.17516412,0.17495015,0.1749777,0.47490802
0.17487772,0.17487772,0.17487772,0.47536686
0.17487772,0.17487772,0.17487772,0.47536686
0.17488173,0.17487957,0.17488322,0.4753555
0.18051611,0.17620659,0.17649011,0.46678722
0.18914449,0.17793776,0.17795907,0.45495868
0.21193194,0.182355,0.18476325,0.42094985
0.17672223,0.17534012,0.17550789,0.47242975
0.31190386,0.1892497,0.19338112,0.30546537
0.17514244,0.17494652,0.17497994,0.47493115
0.22378536,0.18356712,0.1837514,0.40889612
0.4717698,0.1754418,0.17575933,0.17702909
0.18008362,0.17607155,0.17616841,0.4676764
0.18206508,0.17649564,0.17658441,0.4648548
0.32075885,0.18871732,0.1887273,0.3017965
0.17488024,0.17487869,0.17488037,0.47536066
0.17488053,0.17487872,0.17488028,0.4753605
0.17491561,0.17488699,0.17488904,0.4753083
0.40270537,0.18419944,0.18473965,0.22835556
0.40885544,0.18383683,0.18974143,0.21756627
0.20105712,0.18031932,0.18122925,0.43739435
0.18724951,0.17763497,0.17800745,0.45710808
0.17487782,0.17487773,0.17487775,0.47536665
0.39356086,0.18501139,0.18501511,0.23641264
0.40701458,0.1837863,0.1845612,0.22463787
0.28443113,0.18832049,0.18832555,0.33892286
0.17487887,0.17487805,0.1748783,0.47536483
0.45546982,0.17790164,0.18207692,0.18455172
0.25839347,0.18696505,0.1870241,0.36761737
0.3978114,0.18473089,0.18655407,0.23090366
0.17524056,0.17496486,0.17497972,0.4748148
0.18001905,0.17608088,0.17629042,0.46760973
0.17952244,0.17594281,0.1760231,0.46851167
0.17489615,0.17488225,0.17488314,0.47533837
0.46733558,0.17612657,0.1773156,0.17922235
0.26069424,0.18723734,0.18799116,0.36407727
0.17723641,0.17552094,0.17592615,0.4713166
0.19225965,0.17895663,0.18091199,0.44787174
0.20306385,0.18047379,0.18048453,0.43597785
0.17487784,0.17487778,0.17487793,0.4753665
0.45121813,0.1784887,0.18033332,0.18995987
0.22890471,0.18422224,0.18453196,0.4023411
0.2529354,0.18730621,0.19200343,0.367755
0.17503862,0.1749444,0.17507018,0.47494674
0.4585011,0.17745864,0.18168977,0.1823504
0.1748778,0.17487773,0.17487776,0.47536677
0.17495875,0.17489657,0.17489675,0.4752479
0.18227862,0.1765304,0.17657061,0.46462035
0.41613033,0.18301913,0.1889897,0.21186087
0.46257833,0.17683658,0.17717175,0.1834134
0.3840155,0.18600684,0.1891362,0.24084145
0.37420386,0.18653299,0.1865992,0.25266397
0.18274727,0.1767467,0.17730854,0.46319747
0.32940477,0.18860203,0.18885806,0.2931351
0.18962924,0.17802945,0.17804208,0.45429918
0.30621085,0.18898085,0.19080839,0.31399992
0.2002038,0.17999056,0.1800268,0.43977877
0.42342353,0.18212879,0.18621436,0.20823331
0.27198204,0.18778878,0.18779598,0.35243315
0.17524166,0.17496389,0.17497373,0.4748207
0.45035106,0.17863469,0.18280287,0.18821135
0.17764816,0.17553988,0.17567423,0.47113776
0.18306538,0.17673978,0.176968,0.46322682
0.17487788,0.17487785,0.17487828,0.47536594
0.22373897,0.18359816,0.18398005,0.40868282
0.3212811,0.18871155,0.18872689,0.30128044
0.17558666,0.17504606,0.17506833,0.474299
0.4651179,0.1764678,0.17771651,0.18069777
0.40839037,0.1838044,0.18809411,0.21971108
0.47511172,0.17491804,0.1750023,0.17496787
0.36848032,0.18698359,0.18797456,0.25656146
0.39860323,0.185084,0.19853601,0.21777673
0.19106856,0.17832631,0.17841232,0.4521928
0.1753094,0.17498313,0.17500857,0.4746988
0.1750757,0.17493086,0.17496288,0.47503066
0.17502217,0.17491199,0.17491578,0.47515005
0.19462648,0.17898811,0.17901997,0.4473654
0.28553122,0.18844719,0.18908574,0.33693588
0.41876766,0.18256065,0.1838452,0.21482642
0.43667787,0.18047433,0.18414672,0.1987011
0.17490095,0.17488451,0.17489071,0.4753239
